device_id;sent_time;received_time;msg_type;lat;lon;end_date;mode;collar_status;fence_status;day
229107;18/11/2024 00:03:12;18/11/2024 00:11:25;poll_msg;38.3804201;-2.693857;18/11/2024 00:26:22;fence;sleep;normal;18/11/2024 00:00:00
229107;18/11/2024 00:26:22;18/11/2024 00:26:23;poll_msg;38.379942;-2.6932689;18/11/2024 00:41:37;fence;normal;normal;18/11/2024 00:00:00
229107;18/11/2024 00:41:37;18/11/2024 00:41:40;poll_msg;38.3790705;-2.6929329;18/11/2024 00:56:22;fence;normal;normal;18/11/2024 00:00:00
229107;18/11/2024 00:56:22;18/11/2024 00:56:24;poll_msg;38.3790888;-2.6928146;18/11/2024 01:11:22;fence;normal;normal;18/11/2024 00:00:00
229107;18/11/2024 01:11:22;18/11/2024 01:11:24;poll_msg;38.3795906;-2.6928873;18/11/2024 01:26:22;fence;normal;normal;18/11/2024 00:00:00
229107;18/11/2024 01:26:22;18/11/2024 01:26:24;poll_msg;38.3798157;-2.6929339;18/11/2024 01:41:22;fence;normal;normal;18/11/2024 00:00:00
229107;18/11/2024 01:41:22;18/11/2024 01:41:26;poll_msg;38.3798297;-2.6926799;18/11/2024 01:56:22;fence;normal;normal;18/11/2024 00:00:00
229107;18/11/2024 01:56:22;18/11/2024 01:56:24;poll_msg;38.3800623;-2.6927046;18/11/2024 02:11:22;fence;normal;normal;18/11/2024 00:00:00
229107;18/11/2024 02:11:22;18/11/2024 02:11:24;poll_msg;38.3801505;-2.6932524;18/11/2024 02:12:32;fence;normal;normal;18/11/2024 00:00:00
229107;18/11/2024 02:12:32;18/11/2024 02:26:24;poll_msg;38.3802081;-2.6932565;18/11/2024 02:28:57;fence;sleep;normal;18/11/2024 00:00:00
229107;18/11/2024 02:28:57;18/11/2024 02:41:24;poll_msg;38.3802265;-2.6933059;18/11/2024 02:56:22;fence;sleep;normal;18/11/2024 00:00:00
229107;18/11/2024 02:56:22;18/11/2024 02:56:24;poll_msg;38.380163;-2.6932684;18/11/2024 02:57:37;fence;normal;normal;18/11/2024 00:00:00
229107;18/11/2024 02:57:37;18/11/2024 03:11:24;poll_msg;38.3801939;-2.693227;18/11/2024 02:57:37;fence;sleep;normal;18/11/2024 00:00:00
229107;18/11/2024 02:57:37;18/11/2024 03:26:24;poll_msg;38.3801939;-2.693227;18/11/2024 02:57:37;fence;sleep;normal;18/11/2024 00:00:00
229107;18/11/2024 02:57:37;18/11/2024 03:41:26;poll_msg;38.3801939;-2.693227;18/11/2024 03:51:57;fence;sleep;normal;18/11/2024 00:00:00
229107;18/11/2024 03:51:57;18/11/2024 03:56:24;poll_msg;38.3801546;-2.6933089;18/11/2024 04:09:52;fence;sleep;normal;18/11/2024 00:00:00
229107;18/11/2024 04:09:52;18/11/2024 04:11:23;poll_msg;38.3801746;-2.6932391;18/11/2024 04:09:52;fence;sleep;normal;18/11/2024 00:00:00
229107;18/11/2024 04:09:52;18/11/2024 04:26:24;poll_msg;38.3801746;-2.6932391;18/11/2024 04:33:37;fence;sleep;normal;18/11/2024 00:00:00
229107;18/11/2024 04:33:37;18/11/2024 04:41:30;poll_msg;38.3801702;-2.6932343;18/11/2024 04:48:37;fence;sleep;normal;18/11/2024 00:00:00
229107;18/11/2024 04:48:37;18/11/2024 04:56:24;poll_msg;38.3801764;-2.69324;18/11/2024 05:10:52;fence;sleep;normal;18/11/2024 00:00:00
229107;18/11/2024 05:10:52;18/11/2024 05:11:24;poll_msg;38.3802022;-2.693246;18/11/2024 05:10:52;fence;sleep;normal;18/11/2024 00:00:00
229107;18/11/2024 05:10:52;18/11/2024 05:11:25;poll_msg;38.3802022;-2.693246;18/11/2024 05:12:57;fence;sleep;normal;18/11/2024 00:00:00
229107;18/11/2024 05:12:57;18/11/2024 05:26:24;poll_msg;38.3801885;-2.6932098;18/11/2024 05:12:57;fence;sleep;normal;18/11/2024 00:00:00
229107;18/11/2024 05:12:57;18/11/2024 05:41:24;poll_msg;38.3801885;-2.6932098;18/11/2024 05:12:57;fence;sleep;normal;18/11/2024 00:00:00
229107;18/11/2024 05:12:57;18/11/2024 05:56:25;poll_msg;38.3801885;-2.6932098;18/11/2024 05:12:57;fence;sleep;normal;18/11/2024 00:00:00
229107;18/11/2024 05:12:57;18/11/2024 05:56:39;poll_msg;38.3801885;-2.6932098;18/11/2024 05:12:57;fence;sleep;normal;18/11/2024 00:00:00
229107;18/11/2024 05:12:57;18/11/2024 06:11:18;poll_msg;38.3801885;-2.6932098;18/11/2024 06:14:52;fence;sleep;normal;18/11/2024 00:00:00
229107;18/11/2024 06:14:52;18/11/2024 06:26:17;poll_msg;38.3801742;-2.6932197;18/11/2024 06:14:52;fence;sleep;normal;18/11/2024 00:00:00
229107;18/11/2024 06:14:52;18/11/2024 06:41:17;poll_msg;38.3801742;-2.6932197;18/11/2024 06:52:19;fence;sleep;normal;18/11/2024 00:00:00
229107;18/11/2024 06:52:19;18/11/2024 06:56:21;poll_msg;38.3802376;-2.6933045;18/11/2024 07:11:17;fence;sleep;normal;18/11/2024 00:00:00
229107;18/11/2024 07:11:17;18/11/2024 07:11:17;poll_msg;38.3809519;-2.6933499;18/11/2024 07:26:17;fence;normal;normal;18/11/2024 00:00:00
229107;18/11/2024 07:26:17;18/11/2024 07:26:17;poll_msg;38.3789541;-2.6922503;18/11/2024 07:41:17;fence;normal;normal;18/11/2024 00:00:00
229107;18/11/2024 07:41:17;18/11/2024 07:41:17;poll_msg;38.3790135;-2.6920611;18/11/2024 07:56:17;fence;normal;normal;18/11/2024 00:00:00
229107;18/11/2024 07:56:17;18/11/2024 07:56:17;poll_msg;38.3794543;-2.6924175;18/11/2024 08:11:12;fence;normal;normal;18/11/2024 00:00:00
229107;18/11/2024 08:11:12;18/11/2024 08:11:17;poll_msg;38.3817719;-2.6931961;18/11/2024 08:24:37;fence;normal;normal;18/11/2024 00:00:00
229107;18/11/2024 08:24:37;18/11/2024 08:26:17;poll_msg;38.3818003;-2.6934209;18/11/2024 08:38:17;fence;sleep;normal;18/11/2024 00:00:00
229107;18/11/2024 08:38:17;18/11/2024 08:41:18;poll_msg;38.3817396;-2.6931412;18/11/2024 08:54:47;fence;sleep;normal;18/11/2024 00:00:00
229107;18/11/2024 08:54:47;18/11/2024 08:56:17;poll_msg;38.3810258;-2.693763;18/11/2024 09:11:17;fence;sleep;normal;18/11/2024 00:00:00
229107;18/11/2024 09:11:17;18/11/2024 09:11:17;poll_msg;38.3812349;-2.6924945;18/11/2024 09:26:17;fence;normal;normal;18/11/2024 00:00:00
229107;18/11/2024 09:26:17;18/11/2024 09:26:17;poll_msg;38.3799417;-2.6917003;18/11/2024 09:41:17;fence;normal;normal;18/11/2024 00:00:00
229107;18/11/2024 09:41:17;18/11/2024 09:41:17;poll_msg;38.3799295;-2.6916025;18/11/2024 09:56:17;fence;normal;normal;18/11/2024 00:00:00
229107;18/11/2024 09:56:17;18/11/2024 09:56:21;poll_msg;38.3805051;-2.6917151;18/11/2024 10:10:12;fence;normal;normal;18/11/2024 00:00:00
229107;18/11/2024 10:10:12;18/11/2024 10:11:17;poll_msg;38.3817778;-2.6931657;18/11/2024 10:26:17;fence;sleep;normal;18/11/2024 00:00:00
229107;18/11/2024 10:26:17;18/11/2024 10:26:18;poll_msg;38.3816332;-2.6931577;18/11/2024 10:41:18;fence;normal;normal;18/11/2024 00:00:00
229107;18/11/2024 10:41:18;18/11/2024 10:41:18;poll_msg;38.3817635;-2.6931817;18/11/2024 10:54:17;fence;normal;normal;18/11/2024 00:00:00
229107;18/11/2024 10:54:17;18/11/2024 10:56:17;poll_msg;38.3817125;-2.6931303;18/11/2024 11:09:57;fence;sleep;normal;18/11/2024 00:00:00
229107;18/11/2024 11:09:57;18/11/2024 11:11:18;poll_msg;38.3817136;-2.69312;18/11/2024 11:26:17;fence;sleep;normal;18/11/2024 00:00:00
229107;18/11/2024 11:26:17;18/11/2024 11:26:17;poll_msg;38.3816216;-2.6930853;18/11/2024 11:41:17;fence;normal;normal;18/11/2024 00:00:00
229107;18/11/2024 11:41:17;18/11/2024 11:41:17;poll_msg;38.3791781;-2.6930167;18/11/2024 11:56:17;fence;normal;normal;18/11/2024 00:00:00
229107;18/11/2024 11:56:17;18/11/2024 11:56:17;poll_msg;38.3780194;-2.6916411;18/11/2024 12:11:17;fence;normal;normal;18/11/2024 00:00:00
229107;18/11/2024 12:11:17;18/11/2024 12:11:17;poll_msg;38.3784732;-2.691296;18/11/2024 12:26:17;fence;normal;normal;18/11/2024 00:00:00
229107;18/11/2024 12:26:17;18/11/2024 12:26:17;poll_msg;38.3795931;-2.6914092;18/11/2024 12:41:17;fence;normal;normal;18/11/2024 00:00:00
229107;18/11/2024 12:41:17;18/11/2024 12:41:19;poll_msg;38.3804755;-2.6916225;18/11/2024 12:56:17;fence;normal;normal;18/11/2024 00:00:00
229107;18/11/2024 12:56:17;18/11/2024 12:56:17;poll_msg;38.3812389;-2.6925295;18/11/2024 13:11:17;fence;normal;normal;18/11/2024 00:00:00
229107;18/11/2024 13:11:17;18/11/2024 13:11:17;poll_msg;38.3817166;-2.6932748;18/11/2024 13:26:17;fence;normal;normal;18/11/2024 00:00:00
229107;18/11/2024 13:26:17;18/11/2024 13:26:18;poll_msg;38.3813539;-2.6932845;18/11/2024 13:41:17;fence;normal;normal;18/11/2024 00:00:00
229107;18/11/2024 13:41:17;18/11/2024 13:41:17;poll_msg;38.3789741;-2.6928974;18/11/2024 13:56:17;fence;normal;normal;18/11/2024 00:00:00
229107;18/11/2024 13:56:17;18/11/2024 13:56:18;poll_msg;38.3788204;-2.6925834;18/11/2024 14:11:17;fence;normal;normal;18/11/2024 00:00:00
229107;18/11/2024 14:11:17;18/11/2024 14:11:17;poll_msg;38.3792609;-2.692764;18/11/2024 14:26:17;fence;normal;normal;18/11/2024 00:00:00
229107;18/11/2024 14:26:17;18/11/2024 14:26:21;poll_msg;38.3816957;-2.6933123;18/11/2024 14:41:17;fence;normal;normal;18/11/2024 00:00:00
229107;18/11/2024 14:41:17;18/11/2024 14:41:18;poll_msg;38.3815714;-2.6931631;18/11/2024 14:56:17;fence;normal;normal;18/11/2024 00:00:00
229107;18/11/2024 14:56:17;18/11/2024 14:56:17;poll_msg;38.3815209;-2.6929659;18/11/2024 15:11:22;fence;normal;normal;18/11/2024 00:00:00
229107;18/11/2024 15:11:22;18/11/2024 15:11:23;poll_msg;38.3818941;-2.6932134;18/11/2024 15:26:22;fence;normal;normal;18/11/2024 00:00:00
229107;18/11/2024 15:26:22;18/11/2024 15:26:25;poll_msg;38.3813588;-2.6928794;18/11/2024 15:41:22;fence;normal;normal;18/11/2024 00:00:00
229107;18/11/2024 15:41:22;18/11/2024 15:41:23;poll_msg;38.3805334;-2.6925471;18/11/2024 15:56:22;fence;normal;normal;18/11/2024 00:00:00
229107;18/11/2024 15:56:22;18/11/2024 15:56:24;poll_msg;38.3792761;-2.6924561;;fence;normal;normal;18/11/2024 00:00:00
229111;18/11/2024 00:01:57;18/11/2024 00:02:00;poll_msg;38.3805265;-2.6935905;18/11/2024 00:08:37;fence;normal;normal;18/11/2024 00:00:00
229111;18/11/2024 00:08:37;18/11/2024 00:17:01;poll_msg;38.3804542;-2.6935471;18/11/2024 00:31:57;fence;sleep;normal;18/11/2024 00:00:00
229111;18/11/2024 00:31:57;18/11/2024 00:32:01;poll_msg;38.3797957;-2.6931676;18/11/2024 00:46:57;fence;normal;normal;18/11/2024 00:00:00
229111;18/11/2024 00:46:57;18/11/2024 00:47:00;poll_msg;38.3790894;-2.6929024;18/11/2024 01:01:57;fence;normal;normal;18/11/2024 00:00:00
229111;18/11/2024 01:01:57;18/11/2024 01:02:00;poll_msg;38.3790879;-2.6929982;18/11/2024 01:16:57;fence;normal;normal;18/11/2024 00:00:00
229111;18/11/2024 01:16:57;18/11/2024 01:17:01;poll_msg;38.3791195;-2.6929378;18/11/2024 01:31:57;fence;normal;normal;18/11/2024 00:00:00
229111;18/11/2024 01:31:57;18/11/2024 01:32:01;poll_msg;38.3797193;-2.6927047;18/11/2024 01:46:57;fence;normal;normal;18/11/2024 00:00:00
229111;18/11/2024 01:46:57;18/11/2024 01:47:01;poll_msg;38.3797661;-2.6927137;18/11/2024 02:01:22;fence;normal;normal;18/11/2024 00:00:00
229111;18/11/2024 02:01:22;18/11/2024 02:02:01;poll_msg;38.3801775;-2.693296;18/11/2024 02:13:37;fence;sleep;normal;18/11/2024 00:00:00
229111;18/11/2024 02:13:37;18/11/2024 02:17:00;poll_msg;38.3801749;-2.6932707;18/11/2024 02:26:27;fence;sleep;normal;18/11/2024 00:00:00
229111;18/11/2024 02:26:27;18/11/2024 02:32:01;poll_msg;38.3803626;-2.6933031;18/11/2024 02:26:27;fence;sleep;normal;18/11/2024 00:00:00
229111;18/11/2024 02:26:27;18/11/2024 02:47:01;poll_msg;38.3803626;-2.6933031;18/11/2024 02:26:27;fence;sleep;normal;18/11/2024 00:00:00
229111;18/11/2024 02:26:27;18/11/2024 03:02:02;poll_msg;38.3803626;-2.6933031;18/11/2024 03:17:07;fence;sleep;normal;18/11/2024 00:00:00
229111;18/11/2024 03:17:07;18/11/2024 03:17:08;poll_msg;38.3803198;-2.6932235;18/11/2024 03:19:07;fence;normal;normal;18/11/2024 00:00:00
229111;18/11/2024 03:19:07;18/11/2024 03:32:00;poll_msg;38.3802959;-2.6930498;18/11/2024 03:44:22;fence;sleep;normal;18/11/2024 00:00:00
229111;18/11/2024 03:44:22;18/11/2024 03:46:59;poll_msg;38.3802584;-2.6930619;18/11/2024 03:57:17;fence;sleep;normal;18/11/2024 00:00:00
229111;18/11/2024 03:57:17;18/11/2024 04:02:02;poll_msg;38.3803915;-2.6932122;18/11/2024 03:57:17;fence;sleep;normal;18/11/2024 00:00:00
229111;18/11/2024 03:57:17;18/11/2024 04:17:03;poll_msg;38.3803915;-2.6932122;18/11/2024 03:57:17;fence;sleep;normal;18/11/2024 00:00:00
229111;18/11/2024 03:57:17;18/11/2024 04:32:00;poll_msg;38.3803915;-2.6932122;18/11/2024 03:57:17;fence;sleep;normal;18/11/2024 00:00:00
229111;18/11/2024 03:57:17;18/11/2024 04:46:59;poll_msg;38.3803915;-2.6932122;18/11/2024 05:00:52;fence;sleep;normal;18/11/2024 00:00:00
229111;18/11/2024 05:00:52;18/11/2024 05:02:00;poll_msg;38.3802108;-2.6930549;18/11/2024 05:00:52;fence;sleep;normal;18/11/2024 00:00:00
229111;18/11/2024 05:00:52;18/11/2024 05:02:01;poll_msg;38.3802108;-2.6930549;18/11/2024 05:09:17;fence;sleep;normal;18/11/2024 00:00:00
229111;18/11/2024 05:09:17;18/11/2024 05:17:00;poll_msg;38.3803179;-2.6932482;18/11/2024 05:30:22;fence;sleep;normal;18/11/2024 00:00:00
229111;18/11/2024 05:30:22;18/11/2024 05:32:01;poll_msg;38.380322;-2.6932407;18/11/2024 05:46:12;fence;sleep;normal;18/11/2024 00:00:00
229111;18/11/2024 05:46:12;18/11/2024 05:46:59;poll_msg;38.380376;-2.6932111;18/11/2024 05:46:12;fence;sleep;normal;18/11/2024 00:00:00
229111;18/11/2024 05:46:12;18/11/2024 05:47:14;poll_msg;38.380376;-2.6932111;18/11/2024 05:46:12;fence;sleep;normal;18/11/2024 00:00:00
229111;18/11/2024 05:46:12;18/11/2024 06:01:53;poll_msg;38.380376;-2.6932111;18/11/2024 05:46:12;fence;sleep;normal;18/11/2024 00:00:00
229111;18/11/2024 05:46:12;18/11/2024 06:16:54;poll_msg;38.380376;-2.6932111;18/11/2024 05:46:12;fence;sleep;normal;18/11/2024 00:00:00
229111;18/11/2024 05:46:12;18/11/2024 06:31:54;poll_msg;38.380376;-2.6932111;18/11/2024 06:46:52;fence;sleep;normal;18/11/2024 00:00:00
229111;18/11/2024 06:46:52;18/11/2024 06:46:53;poll_msg;38.3802019;-2.6931731;18/11/2024 07:01:52;fence;normal;normal;18/11/2024 00:00:00
229111;18/11/2024 07:01:52;18/11/2024 07:01:53;poll_msg;38.3806807;-2.6933648;18/11/2024 07:16:52;fence;normal;normal;18/11/2024 00:00:00
229111;18/11/2024 07:16:52;18/11/2024 07:16:53;poll_msg;38.3807018;-2.692461;18/11/2024 07:31:52;fence;normal;normal;18/11/2024 00:00:00
229111;18/11/2024 07:31:52;18/11/2024 07:31:54;poll_msg;38.3785662;-2.6921182;18/11/2024 07:46:52;fence;normal;normal;18/11/2024 00:00:00
229111;18/11/2024 07:46:52;18/11/2024 07:46:53;poll_msg;38.3784327;-2.6920627;18/11/2024 08:01:52;fence;normal;normal;18/11/2024 00:00:00
229111;18/11/2024 08:01:52;18/11/2024 08:01:54;poll_msg;38.3796954;-2.6922156;18/11/2024 08:13:47;fence;normal;normal;18/11/2024 00:00:00
229111;18/11/2024 08:13:47;18/11/2024 08:16:53;poll_msg;38.3816562;-2.6930153;18/11/2024 08:24:52;fence;sleep;normal;18/11/2024 00:00:00
229111;18/11/2024 08:24:52;18/11/2024 08:31:54;poll_msg;38.3818738;-2.6932151;18/11/2024 08:46:52;fence;sleep;normal;18/11/2024 00:00:00
229111;18/11/2024 08:46:52;18/11/2024 08:46:53;poll_msg;38.3815035;-2.6931178;18/11/2024 09:00:57;fence;normal;normal;18/11/2024 00:00:00
229111;18/11/2024 09:00:57;18/11/2024 09:01:54;poll_msg;38.3809706;-2.6936841;18/11/2024 09:16:52;fence;sleep;normal;18/11/2024 00:00:00
229111;18/11/2024 09:16:52;18/11/2024 09:16:54;poll_msg;38.3807744;-2.6920715;18/11/2024 09:46:57;fence;normal;normal;18/11/2024 00:00:00
229111;18/11/2024 09:46:57;18/11/2024 09:46:59;poll_msg;38.3798481;-2.6918929;18/11/2024 09:47:12;fence;normal;normal;18/11/2024 00:00:00
229111;18/11/2024 09:47:12;18/11/2024 09:47:14;poll_msg;38.3799071;-2.6919861;18/11/2024 10:01:52;fence;normal;normal;18/11/2024 00:00:00
229111;18/11/2024 10:01:52;18/11/2024 10:01:54;poll_msg;38.3816314;-2.6928777;18/11/2024 10:16:57;fence;normal;normal;18/11/2024 00:00:00
229111;18/11/2024 10:16:57;18/11/2024 10:16:59;poll_msg;38.3814501;-2.6931571;18/11/2024 10:20:42;fence;normal;normal;18/11/2024 00:00:00
229111;18/11/2024 10:20:42;18/11/2024 10:31:54;poll_msg;38.3814437;-2.6934785;18/11/2024 10:46:52;fence;sleep;normal;18/11/2024 00:00:00
229111;18/11/2024 10:46:52;18/11/2024 10:46:54;poll_msg;38.3815016;-2.6934795;18/11/2024 11:01:52;fence;normal;normal;18/11/2024 00:00:00
229111;18/11/2024 11:01:52;18/11/2024 11:01:54;poll_msg;38.381486;-2.6933519;18/11/2024 11:02:07;fence;normal;normal;18/11/2024 00:00:00
229111;18/11/2024 11:02:07;18/11/2024 11:02:38;poll_msg;38.3814674;-2.6933424;18/11/2024 11:02:07;fence;sleep;normal;18/11/2024 00:00:00
229111;18/11/2024 11:02:07;18/11/2024 11:17:11;poll_msg;38.3814674;-2.6933424;18/11/2024 11:31:57;fence;sleep;normal;18/11/2024 00:00:00
229111;18/11/2024 11:31:57;18/11/2024 11:32:00;poll_msg;38.3809839;-2.6935143;18/11/2024 11:46:57;fence;normal;normal;18/11/2024 00:00:00
229111;18/11/2024 11:46:57;18/11/2024 11:47:01;poll_msg;38.3784039;-2.6919955;18/11/2024 12:02:02;fence;normal;normal;18/11/2024 00:00:00
229111;18/11/2024 12:02:02;18/11/2024 12:02:02;poll_msg;38.3779188;-2.6918285;18/11/2024 12:16:57;fence;normal;normal;18/11/2024 00:00:00
229111;18/11/2024 12:16:57;18/11/2024 12:17:00;poll_msg;38.378254;-2.6917331;18/11/2024 12:32:02;fence;normal;normal;18/11/2024 00:00:00
229111;18/11/2024 12:32:02;18/11/2024 12:32:04;poll_msg;38.3790451;-2.6918775;18/11/2024 12:46:57;fence;normal;normal;18/11/2024 00:00:00
229111;18/11/2024 12:46:57;18/11/2024 12:46:59;poll_msg;38.3804371;-2.6921181;18/11/2024 13:01:57;fence;normal;normal;18/11/2024 00:00:00
229111;18/11/2024 13:01:57;18/11/2024 13:01:59;poll_msg;38.3814499;-2.6929667;18/11/2024 13:04:32;fence;normal;normal;18/11/2024 00:00:00
229111;18/11/2024 13:04:32;18/11/2024 13:17:00;poll_msg;38.3815042;-2.6932051;18/11/2024 13:31:57;fence;sleep;normal;18/11/2024 00:00:00
229111;18/11/2024 13:31:57;18/11/2024 13:32:00;poll_msg;38.3804222;-2.6937896;18/11/2024 13:46:57;fence;normal;normal;18/11/2024 00:00:00
229111;18/11/2024 13:46:57;18/11/2024 13:46:59;poll_msg;38.3789461;-2.6926762;18/11/2024 14:01:57;fence;normal;normal;18/11/2024 00:00:00
229111;18/11/2024 14:01:57;18/11/2024 14:01:59;poll_msg;38.3789299;-2.6923144;18/11/2024 14:17:02;fence;normal;normal;18/11/2024 00:00:00
229111;18/11/2024 14:17:02;18/11/2024 14:17:03;poll_msg;38.3815219;-2.6931576;18/11/2024 14:17:42;fence;normal;normal;18/11/2024 00:00:00
229111;18/11/2024 14:17:42;18/11/2024 14:17:43;poll_msg;38.3816824;-2.6932942;18/11/2024 14:31:52;fence;normal;normal;18/11/2024 00:00:00
229111;18/11/2024 14:31:52;18/11/2024 14:31:53;poll_msg;38.3817663;-2.6933131;18/11/2024 14:46:52;fence;normal;normal;18/11/2024 00:00:00
229111;18/11/2024 14:46:52;18/11/2024 14:46:53;poll_msg;38.3813798;-2.693141;18/11/2024 15:01:57;fence;normal;normal;18/11/2024 00:00:00
229111;18/11/2024 15:01:57;18/11/2024 15:02:01;poll_msg;38.381037;-2.6934191;18/11/2024 15:16:57;fence;normal;normal;18/11/2024 00:00:00
229111;18/11/2024 15:16:57;18/11/2024 15:17:00;poll_msg;38.3815043;-2.6927536;18/11/2024 15:31:57;fence;normal;normal;18/11/2024 00:00:00
229111;18/11/2024 15:31:57;18/11/2024 15:32:00;poll_msg;38.3812673;-2.6928453;18/11/2024 15:46:57;fence;normal;normal;18/11/2024 00:00:00
229111;18/11/2024 15:46:57;18/11/2024 15:46:59;poll_msg;38.3798541;-2.692579;18/11/2024 16:01:57;fence;normal;normal;18/11/2024 00:00:00
229111;18/11/2024 16:01:57;18/11/2024 16:02:00;poll_msg;38.3792739;-2.6926276;18/11/2024 16:02:17;fence;normal;normal;18/11/2024 00:00:00
229111;18/11/2024 16:02:17;18/11/2024 16:02:20;poll_msg;38.3792918;-2.6925464;;fence;normal;normal;18/11/2024 00:00:00
229116;18/11/2024 00:00:32;18/11/2024 00:00:35;poll_msg;38.3804132;-2.6933301;18/11/2024 00:15:32;fence;normal;normal;18/11/2024 00:00:00
229116;18/11/2024 00:15:32;18/11/2024 00:15:35;poll_msg;38.3800198;-2.6930938;18/11/2024 00:30:32;fence;normal;normal;18/11/2024 00:00:00
229116;18/11/2024 00:30:32;18/11/2024 00:30:35;poll_msg;38.3792097;-2.6928703;18/11/2024 00:45:32;fence;normal;normal;18/11/2024 00:00:00
229116;18/11/2024 00:45:32;18/11/2024 00:45:35;poll_msg;38.3790244;-2.6927093;18/11/2024 01:00:32;fence;normal;normal;18/11/2024 00:00:00
229116;18/11/2024 01:00:32;18/11/2024 01:00:36;poll_msg;38.3791261;-2.6929358;18/11/2024 01:15:32;fence;normal;normal;18/11/2024 00:00:00
229116;18/11/2024 01:15:32;18/11/2024 01:15:36;poll_msg;38.3791688;-2.6929026;18/11/2024 01:30:32;fence;normal;normal;18/11/2024 00:00:00
229116;18/11/2024 01:30:32;18/11/2024 01:30:35;poll_msg;38.3795865;-2.6929717;18/11/2024 01:45:32;fence;normal;normal;18/11/2024 00:00:00
229116;18/11/2024 01:45:32;18/11/2024 01:45:35;poll_msg;38.3800167;-2.6928161;18/11/2024 02:00:32;fence;normal;normal;18/11/2024 00:00:00
229116;18/11/2024 02:00:32;18/11/2024 02:00:35;poll_msg;38.3801519;-2.6929242;18/11/2024 02:11:07;fence;normal;normal;18/11/2024 00:00:00
229116;18/11/2024 02:11:07;18/11/2024 02:15:35;poll_msg;38.3802835;-2.6931968;18/11/2024 02:22:17;fence;sleep;normal;18/11/2024 00:00:00
229116;18/11/2024 02:22:17;18/11/2024 02:30:36;poll_msg;38.3802529;-2.6932894;18/11/2024 02:22:17;fence;sleep;normal;18/11/2024 00:00:00
229116;18/11/2024 02:22:17;18/11/2024 02:45:34;poll_msg;38.3802529;-2.6932894;18/11/2024 02:22:17;fence;sleep;normal;18/11/2024 00:00:00
229116;18/11/2024 02:22:17;18/11/2024 03:00:34;poll_msg;38.3802529;-2.6932894;18/11/2024 02:22:17;fence;sleep;normal;18/11/2024 00:00:00
229116;18/11/2024 02:22:17;18/11/2024 03:15:35;poll_msg;38.3802529;-2.6932894;18/11/2024 02:22:17;fence;sleep;normal;18/11/2024 00:00:00
229116;18/11/2024 02:22:17;18/11/2024 03:30:35;poll_msg;38.3802529;-2.6932894;18/11/2024 02:22:17;fence;sleep;normal;18/11/2024 00:00:00
229116;18/11/2024 02:22:17;18/11/2024 03:45:35;poll_msg;38.3802529;-2.6932894;18/11/2024 03:52:07;fence;sleep;normal;18/11/2024 00:00:00
229116;18/11/2024 03:52:07;18/11/2024 04:00:35;poll_msg;38.3803501;-2.6933006;18/11/2024 03:52:07;fence;sleep;normal;18/11/2024 00:00:00
229116;18/11/2024 03:52:07;18/11/2024 04:15:35;poll_msg;38.3803501;-2.6933006;18/11/2024 04:29:37;fence;sleep;normal;18/11/2024 00:00:00
229116;18/11/2024 04:29:37;18/11/2024 04:30:35;poll_msg;38.3801313;-2.6932373;18/11/2024 04:29:37;fence;sleep;normal;18/11/2024 00:00:00
229116;18/11/2024 04:29:37;18/11/2024 04:45:35;poll_msg;38.3801313;-2.6932373;18/11/2024 04:29:37;fence;sleep;normal;18/11/2024 00:00:00
229116;18/11/2024 04:29:37;18/11/2024 05:00:35;poll_msg;38.3801313;-2.6932373;18/11/2024 04:29:37;fence;sleep;normal;18/11/2024 00:00:00
229116;18/11/2024 04:29:37;18/11/2024 05:00:36;poll_msg;38.3801313;-2.6932373;18/11/2024 05:07:02;fence;sleep;normal;18/11/2024 00:00:00
229116;18/11/2024 05:07:02;18/11/2024 05:15:35;poll_msg;38.3801493;-2.6932435;18/11/2024 05:07:02;fence;sleep;normal;18/11/2024 00:00:00
229116;18/11/2024 05:07:02;18/11/2024 05:30:35;poll_msg;38.3801493;-2.6932435;18/11/2024 05:07:02;fence;sleep;normal;18/11/2024 00:00:00
229116;18/11/2024 05:07:02;18/11/2024 05:45:35;poll_msg;38.3801493;-2.6932435;18/11/2024 05:07:02;fence;sleep;normal;18/11/2024 00:00:00
229116;18/11/2024 05:07:02;18/11/2024 06:00:35;poll_msg;38.3801493;-2.6932435;18/11/2024 05:07:02;fence;sleep;normal;18/11/2024 00:00:00
229116;18/11/2024 05:07:02;18/11/2024 06:15:35;poll_msg;38.3801493;-2.6932435;18/11/2024 05:07:02;fence;sleep;normal;18/11/2024 00:00:00
229116;18/11/2024 05:07:02;18/11/2024 06:30:34;poll_msg;38.3801493;-2.6932435;18/11/2024 06:42:07;fence;sleep;normal;18/11/2024 00:00:00
229116;18/11/2024 06:42:07;18/11/2024 06:45:35;poll_msg;38.3801975;-2.6934215;18/11/2024 07:00:52;fence;sleep;normal;18/11/2024 00:00:00
229116;18/11/2024 07:00:52;18/11/2024 07:00:52;poll_msg;38.3810203;-2.6936252;18/11/2024 07:15:32;fence;normal;normal;18/11/2024 00:00:00
229116;18/11/2024 07:15:32;18/11/2024 07:15:35;poll_msg;38.3815416;-2.6930664;18/11/2024 07:30:32;fence;normal;normal;18/11/2024 00:00:00
229116;18/11/2024 07:30:32;18/11/2024 07:30:35;poll_msg;38.3788652;-2.6923296;18/11/2024 07:45:32;fence;normal;normal;18/11/2024 00:00:00
229116;18/11/2024 07:45:32;18/11/2024 07:45:35;poll_msg;38.378818;-2.6923132;18/11/2024 08:00:32;fence;normal;normal;18/11/2024 00:00:00
229116;18/11/2024 08:00:32;18/11/2024 08:00:35;poll_msg;38.3795721;-2.6922435;18/11/2024 08:15:32;fence;normal;normal;18/11/2024 00:00:00
229116;18/11/2024 08:15:32;18/11/2024 08:15:36;poll_msg;38.381469;-2.6928888;18/11/2024 08:15:52;fence;normal;normal;18/11/2024 00:00:00
229116;18/11/2024 08:15:52;18/11/2024 08:15:55;poll_msg;38.3815087;-2.6929024;18/11/2024 08:29:32;fence;normal;normal;18/11/2024 00:00:00
229116;18/11/2024 08:29:32;18/11/2024 08:30:29;poll_msg;38.3814927;-2.6930586;18/11/2024 08:45:27;fence;sleep;normal;18/11/2024 00:00:00
229116;18/11/2024 08:45:27;18/11/2024 08:45:29;poll_msg;38.3813435;-2.693215;18/11/2024 09:00:27;fence;normal;normal;18/11/2024 00:00:00
229116;18/11/2024 09:00:27;18/11/2024 09:00:29;poll_msg;38.380794;-2.6938346;18/11/2024 09:15:27;fence;normal;normal;18/11/2024 00:00:00
229116;18/11/2024 09:15:27;18/11/2024 09:15:29;poll_msg;38.3808092;-2.6921565;18/11/2024 09:30:27;fence;normal;normal;18/11/2024 00:00:00
229116;18/11/2024 09:30:27;18/11/2024 09:30:29;poll_msg;38.3797604;-2.691543;18/11/2024 09:45:27;fence;normal;normal;18/11/2024 00:00:00
229116;18/11/2024 09:45:27;18/11/2024 09:45:29;poll_msg;38.3800693;-2.6918117;18/11/2024 10:00:27;fence;normal;normal;18/11/2024 00:00:00
229116;18/11/2024 10:00:27;18/11/2024 10:00:29;poll_msg;38.3814498;-2.6930255;18/11/2024 10:15:27;fence;normal;normal;18/11/2024 00:00:00
229116;18/11/2024 10:15:27;18/11/2024 10:15:29;poll_msg;38.3810545;-2.693631;18/11/2024 10:45:32;fence;normal;normal;18/11/2024 00:00:00
229116;18/11/2024 10:45:32;18/11/2024 10:45:36;poll_msg;38.3813789;-2.693852;18/11/2024 11:00:32;fence;normal;normal;18/11/2024 00:00:00
229116;18/11/2024 11:00:32;18/11/2024 11:00:34;poll_msg;38.3815207;-2.6930332;18/11/2024 11:15:32;fence;normal;normal;18/11/2024 00:00:00
229116;18/11/2024 11:15:32;18/11/2024 11:15:35;poll_msg;38.3816118;-2.6931736;18/11/2024 11:30:32;fence;normal;normal;18/11/2024 00:00:00
229116;18/11/2024 11:30:32;18/11/2024 11:30:35;poll_msg;38.3810994;-2.6934687;18/11/2024 11:45:32;fence;normal;normal;18/11/2024 00:00:00
229116;18/11/2024 11:45:32;18/11/2024 11:45:35;poll_msg;38.3798;-2.6930636;18/11/2024 12:00:32;fence;normal;normal;18/11/2024 00:00:00
229116;18/11/2024 12:00:32;18/11/2024 12:00:35;poll_msg;38.3786538;-2.691616;18/11/2024 12:09:32;fence;normal;normal;18/11/2024 00:00:00
229116;18/11/2024 12:09:32;18/11/2024 12:15:35;poll_msg;38.3787711;-2.6915948;18/11/2024 12:23:02;fence;sleep;normal;18/11/2024 00:00:00
229116;18/11/2024 12:23:02;18/11/2024 12:30:35;poll_msg;38.3787414;-2.691706;18/11/2024 12:23:02;fence;sleep;normal;18/11/2024 00:00:00
229116;18/11/2024 12:23:02;18/11/2024 12:30:50;poll_msg;38.3787414;-2.691706;18/11/2024 12:45:27;fence;sleep;normal;18/11/2024 00:00:00
229116;18/11/2024 12:45:27;18/11/2024 12:45:29;poll_msg;38.3805713;-2.6919676;18/11/2024 13:00:27;fence;normal;normal;18/11/2024 00:00:00
229116;18/11/2024 13:00:27;18/11/2024 13:00:29;poll_msg;38.381424;-2.6932178;18/11/2024 13:15:27;fence;normal;normal;18/11/2024 00:00:00
229116;18/11/2024 13:15:27;18/11/2024 13:15:29;poll_msg;38.3809739;-2.6937085;18/11/2024 13:30:27;fence;normal;normal;18/11/2024 00:00:00
229116;18/11/2024 13:30:27;18/11/2024 13:30:29;poll_msg;38.3809527;-2.6937714;18/11/2024 13:45:27;fence;normal;normal;18/11/2024 00:00:00
229116;18/11/2024 13:45:27;18/11/2024 13:45:29;poll_msg;38.3790022;-2.6927269;18/11/2024 14:00:27;fence;normal;normal;18/11/2024 00:00:00
229116;18/11/2024 14:00:27;18/11/2024 14:00:29;poll_msg;38.3790386;-2.6918952;18/11/2024 14:15:28;fence;normal;normal;18/11/2024 00:00:00
229116;18/11/2024 14:15:28;18/11/2024 14:15:29;poll_msg;38.3820423;-2.6935178;18/11/2024 14:30:27;fence;normal;normal;18/11/2024 00:00:00
229116;18/11/2024 14:30:27;18/11/2024 14:30:29;poll_msg;38.3815432;-2.6932529;18/11/2024 14:45:32;fence;normal;normal;18/11/2024 00:00:00
229116;18/11/2024 14:45:32;18/11/2024 14:45:35;poll_msg;38.3816823;-2.6931198;18/11/2024 15:00:32;fence;normal;normal;18/11/2024 00:00:00
229116;18/11/2024 15:00:32;18/11/2024 15:00:35;poll_msg;38.3810275;-2.6936871;18/11/2024 15:15:37;fence;normal;normal;18/11/2024 00:00:00
229116;18/11/2024 15:15:37;18/11/2024 15:15:38;poll_msg;38.3814649;-2.6929773;18/11/2024 15:30:32;fence;normal;normal;18/11/2024 00:00:00
229116;18/11/2024 15:30:32;18/11/2024 15:30:35;poll_msg;38.3812465;-2.6929205;18/11/2024 15:45:32;fence;normal;normal;18/11/2024 00:00:00
229116;18/11/2024 15:45:32;18/11/2024 15:45:36;poll_msg;38.3798203;-2.6926326;18/11/2024 16:00:32;fence;normal;normal;18/11/2024 00:00:00
229116;18/11/2024 16:00:32;18/11/2024 16:00:36;poll_msg;38.3792845;-2.6923708;01/11/2024 00:00:22;fence;normal;normal;18/11/2024 00:00:00
229175;18/11/2024 00:03:12;18/11/2024 00:03:14;poll_msg;38.3804861;-2.6933655;18/11/2024 00:18:12;fence;normal;normal;18/11/2024 00:00:00
229175;18/11/2024 00:18:12;18/11/2024 00:18:13;poll_msg;38.3804082;-2.6931527;18/11/2024 00:33:12;fence;normal;normal;18/11/2024 00:00:00
229175;18/11/2024 00:33:12;18/11/2024 00:33:15;poll_msg;38.3793785;-2.6928987;18/11/2024 00:48:12;fence;normal;normal;18/11/2024 00:00:00
229175;18/11/2024 00:48:12;18/11/2024 00:48:14;poll_msg;38.3792759;-2.6927795;18/11/2024 01:03:12;fence;normal;normal;18/11/2024 00:00:00
229175;18/11/2024 01:03:12;18/11/2024 01:03:14;poll_msg;38.3791466;-2.693015;18/11/2024 01:18:12;fence;normal;normal;18/11/2024 00:00:00
229175;18/11/2024 01:18:12;18/11/2024 01:18:14;poll_msg;38.3796275;-2.6928941;18/11/2024 01:33:12;fence;normal;normal;18/11/2024 00:00:00
229175;18/11/2024 01:33:12;18/11/2024 01:33:14;poll_msg;38.3797574;-2.6927985;18/11/2024 01:48:12;fence;normal;normal;18/11/2024 00:00:00
229175;18/11/2024 01:48:12;18/11/2024 01:48:14;poll_msg;38.3800052;-2.6926911;18/11/2024 02:03:12;fence;normal;normal;18/11/2024 00:00:00
229175;18/11/2024 02:03:12;18/11/2024 02:03:14;poll_msg;38.3803691;-2.6927508;18/11/2024 02:17:32;fence;normal;normal;18/11/2024 00:00:00
229175;18/11/2024 02:17:32;18/11/2024 02:18:13;poll_msg;38.3803915;-2.6933454;18/11/2024 02:25:32;fence;sleep;normal;18/11/2024 00:00:00
229175;18/11/2024 02:25:32;18/11/2024 02:33:15;poll_msg;38.380345;-2.6932894;18/11/2024 02:25:32;fence;sleep;normal;18/11/2024 00:00:00
229175;18/11/2024 02:25:32;18/11/2024 02:48:13;poll_msg;38.380345;-2.6932894;18/11/2024 02:25:32;fence;sleep;normal;18/11/2024 00:00:00
229175;18/11/2024 02:25:32;18/11/2024 03:03:14;poll_msg;38.380345;-2.6932894;18/11/2024 03:18:13;fence;sleep;normal;18/11/2024 00:00:00
229175;18/11/2024 03:18:13;18/11/2024 03:18:13;poll_msg;38.3803156;-2.6933049;18/11/2024 03:22:47;fence;normal;normal;18/11/2024 00:00:00
229175;18/11/2024 03:22:47;18/11/2024 03:33:14;poll_msg;38.3803057;-2.6932815;18/11/2024 03:22:47;fence;sleep;normal;18/11/2024 00:00:00
229175;18/11/2024 03:22:47;18/11/2024 03:48:14;poll_msg;38.3803057;-2.6932815;18/11/2024 03:22:47;fence;sleep;normal;18/11/2024 00:00:00
229175;18/11/2024 03:22:47;18/11/2024 04:03:14;poll_msg;38.3803057;-2.6932815;18/11/2024 04:13:17;fence;sleep;normal;18/11/2024 00:00:00
229175;18/11/2024 04:13:17;18/11/2024 04:18:15;poll_msg;38.3802485;-2.6933245;18/11/2024 04:13:17;fence;sleep;normal;18/11/2024 00:00:00
229175;18/11/2024 04:13:17;18/11/2024 04:33:13;poll_msg;38.3802485;-2.6933245;18/11/2024 04:13:17;fence;sleep;normal;18/11/2024 00:00:00
229175;18/11/2024 04:13:17;18/11/2024 04:48:13;poll_msg;38.3802485;-2.6933245;18/11/2024 04:13:17;fence;sleep;normal;18/11/2024 00:00:00
229175;18/11/2024 04:13:17;18/11/2024 05:03:14;poll_msg;38.3802485;-2.6933245;18/11/2024 04:13:17;fence;sleep;normal;18/11/2024 00:00:00
229175;18/11/2024 04:13:17;18/11/2024 05:03:15;poll_msg;38.3802485;-2.6933245;18/11/2024 04:13:17;fence;sleep;normal;18/11/2024 00:00:00
229175;18/11/2024 04:13:17;18/11/2024 05:18:14;poll_msg;38.3802485;-2.6933245;18/11/2024 05:31:52;fence;sleep;normal;18/11/2024 00:00:00
229175;18/11/2024 05:31:52;18/11/2024 05:33:14;poll_msg;38.3801773;-2.6932599;18/11/2024 05:41:57;fence;sleep;normal;18/11/2024 00:00:00
229175;18/11/2024 05:41:57;18/11/2024 05:48:18;poll_msg;38.380174;-2.6933888;18/11/2024 05:41:57;fence;sleep;normal;18/11/2024 00:00:00
229175;18/11/2024 05:41:57;18/11/2024 06:03:13;poll_msg;38.380174;-2.6933888;18/11/2024 06:16:57;fence;sleep;normal;18/11/2024 00:00:00
229175;18/11/2024 06:16:57;18/11/2024 06:18:17;poll_msg;38.3803396;-2.6931432;18/11/2024 06:16:57;fence;sleep;normal;18/11/2024 00:00:00
229175;18/11/2024 06:16:57;18/11/2024 06:33:14;poll_msg;38.3803396;-2.6931432;18/11/2024 06:16:57;fence;sleep;normal;18/11/2024 00:00:00
229175;18/11/2024 06:16:57;18/11/2024 06:48:14;poll_msg;38.3803396;-2.6931432;18/11/2024 07:03:12;fence;sleep;normal;18/11/2024 00:00:00
229175;18/11/2024 07:03:12;18/11/2024 07:03:14;poll_msg;38.3811019;-2.6932182;18/11/2024 07:18:12;fence;normal;normal;18/11/2024 00:00:00
229175;18/11/2024 07:18:12;18/11/2024 07:18:14;poll_msg;38.3807184;-2.6921744;18/11/2024 07:33:12;fence;normal;normal;18/11/2024 00:00:00
229175;18/11/2024 07:33:12;18/11/2024 07:33:13;poll_msg;38.3785232;-2.6919407;18/11/2024 07:48:12;fence;normal;normal;18/11/2024 00:00:00
229175;18/11/2024 07:48:12;18/11/2024 07:48:14;poll_msg;38.3783155;-2.6919494;18/11/2024 07:48:27;fence;normal;normal;18/11/2024 00:00:00
229175;18/11/2024 07:48:27;18/11/2024 07:48:29;poll_msg;38.3783139;-2.6919824;18/11/2024 08:03:07;fence;normal;normal;18/11/2024 00:00:00
229175;18/11/2024 08:03:07;18/11/2024 08:03:07;poll_msg;38.3793168;-2.6923881;18/11/2024 08:17:57;fence;normal;normal;18/11/2024 00:00:00
229175;18/11/2024 08:17:57;18/11/2024 08:18:07;poll_msg;38.381648;-2.6930441;18/11/2024 08:29:17;fence;sleep;normal;18/11/2024 00:00:00
229175;18/11/2024 08:29:17;18/11/2024 08:33:07;poll_msg;38.3815547;-2.6929889;18/11/2024 08:37:12;fence;sleep;normal;18/11/2024 00:00:00
229175;18/11/2024 08:37:12;18/11/2024 08:48:09;poll_msg;38.3815446;-2.6929956;18/11/2024 09:03:07;fence;sleep;normal;18/11/2024 00:00:00
229175;18/11/2024 09:03:07;18/11/2024 09:03:07;poll_msg;38.3804623;-2.6932205;18/11/2024 09:18:12;fence;normal;normal;18/11/2024 00:00:00
229175;18/11/2024 09:18:12;18/11/2024 09:18:13;poll_msg;38.3805857;-2.6920728;18/11/2024 09:33:07;fence;normal;normal;18/11/2024 00:00:00
229175;18/11/2024 09:33:07;18/11/2024 09:33:07;poll_msg;38.3795951;-2.6917647;18/11/2024 09:48:02;fence;normal;normal;18/11/2024 00:00:00
229175;18/11/2024 09:48:02;18/11/2024 09:48:06;poll_msg;38.379833;-2.6918838;18/11/2024 10:03:07;fence;normal;normal;18/11/2024 00:00:00
229175;18/11/2024 10:03:07;18/11/2024 10:03:07;poll_msg;38.3818207;-2.6930429;18/11/2024 10:16:07;fence;normal;normal;18/11/2024 00:00:00
229175;18/11/2024 10:16:07;18/11/2024 10:18:07;poll_msg;38.381427;-2.6933512;18/11/2024 10:16:07;fence;sleep;normal;18/11/2024 00:00:00
229175;18/11/2024 10:16:07;18/11/2024 10:33:07;poll_msg;38.381427;-2.6933512;18/11/2024 10:16:07;fence;sleep;normal;18/11/2024 00:00:00
229175;18/11/2024 10:16:07;18/11/2024 10:48:07;poll_msg;38.381427;-2.6933512;18/11/2024 10:16:07;fence;sleep;normal;18/11/2024 00:00:00
229175;18/11/2024 10:16:07;18/11/2024 10:48:35;poll_msg;38.381427;-2.6933512;18/11/2024 10:16:07;fence;sleep;normal;18/11/2024 00:00:00
229175;18/11/2024 10:16:07;18/11/2024 11:03:44;poll_msg;38.381427;-2.6933512;18/11/2024 10:16:07;fence;sleep;normal;18/11/2024 00:00:00
229175;18/11/2024 10:16:07;18/11/2024 11:18:15;poll_msg;38.381427;-2.6933512;18/11/2024 11:33:12;fence;sleep;normal;18/11/2024 00:00:00
229175;18/11/2024 11:33:12;18/11/2024 11:33:14;poll_msg;38.3803842;-2.6936149;18/11/2024 11:48:12;fence;normal;normal;18/11/2024 00:00:00
229175;18/11/2024 11:48:12;18/11/2024 11:48:14;poll_msg;38.3783177;-2.6917469;18/11/2024 12:03:12;fence;normal;normal;18/11/2024 00:00:00
229175;18/11/2024 12:03:12;18/11/2024 12:03:13;poll_msg;38.3780641;-2.6917893;18/11/2024 12:18:12;fence;normal;normal;18/11/2024 00:00:00
229175;18/11/2024 12:18:12;18/11/2024 12:18:14;poll_msg;38.378734;-2.6921054;18/11/2024 12:33:12;fence;normal;normal;18/11/2024 00:00:00
229175;18/11/2024 12:33:12;18/11/2024 12:33:13;poll_msg;38.378733;-2.6919176;18/11/2024 12:48:12;fence;normal;normal;18/11/2024 00:00:00
229175;18/11/2024 12:48:12;18/11/2024 12:48:15;poll_msg;38.3809584;-2.692496;18/11/2024 12:48:27;fence;normal;normal;18/11/2024 00:00:00
229175;18/11/2024 12:48:27;18/11/2024 12:48:30;poll_msg;38.3811087;-2.6925031;18/11/2024 13:03:02;fence;normal;normal;18/11/2024 00:00:00
229175;18/11/2024 13:03:02;18/11/2024 13:03:06;poll_msg;38.3815275;-2.6930922;18/11/2024 13:03:27;fence;normal;normal;18/11/2024 00:00:00
229175;18/11/2024 13:03:27;18/11/2024 13:18:06;poll_msg;38.3814957;-2.6930911;18/11/2024 13:33:02;fence;sleep;normal;18/11/2024 00:00:00
229175;18/11/2024 13:33:02;18/11/2024 13:33:06;poll_msg;38.3801533;-2.6933455;18/11/2024 13:48:02;fence;normal;normal;18/11/2024 00:00:00
229175;18/11/2024 13:48:02;18/11/2024 13:48:06;poll_msg;38.378949;-2.6925476;18/11/2024 14:03:07;fence;normal;normal;18/11/2024 00:00:00
229175;18/11/2024 14:03:07;18/11/2024 14:03:07;poll_msg;38.3788309;-2.6920929;18/11/2024 14:18:02;fence;normal;normal;18/11/2024 00:00:00
229175;18/11/2024 14:18:02;18/11/2024 14:18:06;poll_msg;38.3817837;-2.6932641;18/11/2024 14:33:07;fence;normal;normal;18/11/2024 00:00:00
229175;18/11/2024 14:33:07;18/11/2024 14:33:07;poll_msg;38.3818342;-2.69318;18/11/2024 14:44:17;fence;normal;normal;18/11/2024 00:00:00
229175;18/11/2024 14:44:17;18/11/2024 14:48:06;poll_msg;38.3814119;-2.6932734;18/11/2024 15:03:02;fence;sleep;normal;18/11/2024 00:00:00
229175;18/11/2024 15:03:02;18/11/2024 15:03:06;poll_msg;38.3807187;-2.6938701;18/11/2024 15:17:57;fence;normal;normal;18/11/2024 00:00:00
229175;18/11/2024 15:17:57;18/11/2024 15:18:06;poll_msg;38.3816385;-2.693146;18/11/2024 15:33:07;fence;normal;normal;18/11/2024 00:00:00
229175;18/11/2024 15:33:07;18/11/2024 15:33:07;poll_msg;38.3817809;-2.6932583;18/11/2024 15:33:37;fence;normal;normal;18/11/2024 00:00:00
229175;18/11/2024 15:33:37;18/11/2024 15:33:39;poll_msg;38.3818018;-2.6931951;18/11/2024 15:48:12;fence;normal;normal;18/11/2024 00:00:00
229175;18/11/2024 15:48:12;18/11/2024 15:48:14;poll_msg;38.381653;-2.6933391;18/11/2024 16:03:12;fence;normal;normal;18/11/2024 00:00:00
229175;18/11/2024 16:03:12;18/11/2024 16:03:12;poll_msg;38.3816657;-2.6931789;;fence;normal;normal;18/11/2024 00:00:00
229181;18/11/2024 00:14:12;18/11/2024 00:14:13;poll_msg;38.3803625;-2.6935946;18/11/2024 00:29:27;fence;normal;normal;18/11/2024 00:00:00
229181;18/11/2024 00:29:27;18/11/2024 00:29:27;poll_msg;38.3792583;-2.6929847;18/11/2024 00:44:27;fence;normal;normal;18/11/2024 00:00:00
229181;18/11/2024 00:44:27;18/11/2024 00:44:28;poll_msg;38.3790556;-2.6928485;18/11/2024 00:59:12;fence;normal;normal;18/11/2024 00:00:00
229181;18/11/2024 00:59:12;18/11/2024 00:59:14;poll_msg;38.3789991;-2.6928435;18/11/2024 01:14:12;fence;normal;normal;18/11/2024 00:00:00
229181;18/11/2024 01:14:12;18/11/2024 01:14:13;poll_msg;38.3790969;-2.6929042;18/11/2024 01:29:12;fence;normal;normal;18/11/2024 00:00:00
229181;18/11/2024 01:29:12;18/11/2024 01:29:13;poll_msg;38.379701;-2.6928028;18/11/2024 01:44:12;fence;normal;normal;18/11/2024 00:00:00
229181;18/11/2024 01:44:12;18/11/2024 01:44:14;poll_msg;38.3799638;-2.6930569;18/11/2024 01:59:12;fence;normal;normal;18/11/2024 00:00:00
229181;18/11/2024 01:59:12;18/11/2024 01:59:13;poll_msg;38.3801109;-2.6931552;18/11/2024 02:14:22;fence;normal;normal;18/11/2024 00:00:00
229181;18/11/2024 02:14:22;18/11/2024 02:14:26;poll_msg;38.3802727;-2.6932368;18/11/2024 02:15:32;fence;normal;normal;18/11/2024 00:00:00
229181;18/11/2024 02:15:32;18/11/2024 02:29:14;poll_msg;38.3801708;-2.6932995;18/11/2024 02:15:32;fence;sleep;normal;18/11/2024 00:00:00
229181;18/11/2024 02:15:32;18/11/2024 02:44:13;poll_msg;38.3801708;-2.6932995;18/11/2024 02:56:57;fence;sleep;normal;18/11/2024 00:00:00
229181;18/11/2024 02:56:57;18/11/2024 02:59:13;poll_msg;38.3802297;-2.6932695;18/11/2024 03:00:57;fence;sleep;normal;18/11/2024 00:00:00
229181;18/11/2024 03:00:57;18/11/2024 03:14:20;poll_msg;38.3802381;-2.6932903;18/11/2024 03:19:17;fence;sleep;normal;18/11/2024 00:00:00
229181;18/11/2024 03:19:17;18/11/2024 03:29:13;poll_msg;38.3802965;-2.6932439;18/11/2024 03:42:52;fence;sleep;normal;18/11/2024 00:00:00
229181;18/11/2024 03:42:52;18/11/2024 03:44:12;poll_msg;38.3802576;-2.6932754;18/11/2024 03:48:57;fence;sleep;normal;18/11/2024 00:00:00
229181;18/11/2024 03:48:57;18/11/2024 03:59:13;poll_msg;38.3802713;-2.6933765;18/11/2024 04:14:12;fence;sleep;normal;18/11/2024 00:00:00
229181;18/11/2024 04:14:12;18/11/2024 04:14:14;poll_msg;38.3801075;-2.6930254;18/11/2024 04:27:25;fence;normal;normal;18/11/2024 00:00:00
229181;18/11/2024 04:27:25;18/11/2024 04:29:15;poll_msg;38.3802559;-2.6932485;18/11/2024 04:27:25;fence;sleep;normal;18/11/2024 00:00:00
229181;18/11/2024 04:27:25;18/11/2024 04:44:15;poll_msg;38.3802559;-2.6932485;18/11/2024 04:51:17;fence;sleep;normal;18/11/2024 00:00:00
229181;18/11/2024 04:51:17;18/11/2024 04:59:15;poll_msg;38.3802199;-2.6931719;18/11/2024 05:01:52;fence;sleep;normal;18/11/2024 00:00:00
229181;18/11/2024 05:01:52;18/11/2024 05:14:12;poll_msg;38.3802829;-2.6932523;18/11/2024 05:01:52;fence;sleep;normal;18/11/2024 00:00:00
229181;18/11/2024 05:01:52;18/11/2024 05:14:14;poll_msg;38.3802829;-2.6932523;18/11/2024 05:25:37;fence;sleep;normal;18/11/2024 00:00:00
229181;18/11/2024 05:25:37;18/11/2024 05:29:13;poll_msg;38.3802358;-2.6932359;18/11/2024 05:40:37;fence;sleep;normal;18/11/2024 00:00:00
229181;18/11/2024 05:40:37;18/11/2024 05:44:13;poll_msg;38.3803446;-2.6933233;18/11/2024 05:40:37;fence;sleep;normal;18/11/2024 00:00:00
229181;18/11/2024 05:40:37;18/11/2024 05:59:14;poll_msg;38.3803446;-2.6933233;18/11/2024 06:10:17;fence;sleep;normal;18/11/2024 00:00:00
229181;18/11/2024 06:10:17;18/11/2024 06:14:13;poll_msg;38.3802462;-2.6933349;18/11/2024 06:18:17;fence;normal;normal;18/11/2024 00:00:00
229181;18/11/2024 06:18:17;18/11/2024 06:29:13;poll_msg;38.380429;-2.6932777;18/11/2024 06:18:17;fence;sleep;normal;18/11/2024 00:00:00
229181;18/11/2024 06:18:17;18/11/2024 06:44:14;poll_msg;38.380429;-2.6932777;18/11/2024 06:18:17;fence;sleep;normal;18/11/2024 00:00:00
229181;18/11/2024 06:18:17;18/11/2024 06:44:28;poll_msg;38.380429;-2.6932777;18/11/2024 06:59:02;fence;sleep;normal;18/11/2024 00:00:00
229181;18/11/2024 06:59:02;18/11/2024 06:59:06;poll_msg;38.3803406;-2.6936084;18/11/2024 07:14:02;fence;normal;normal;18/11/2024 00:00:00
229181;18/11/2024 07:14:02;18/11/2024 07:14:06;poll_msg;38.3810741;-2.6924219;18/11/2024 07:29:07;fence;normal;normal;18/11/2024 00:00:00
229181;18/11/2024 07:29:07;18/11/2024 07:29:07;poll_msg;38.3793128;-2.6919331;18/11/2024 07:44:02;fence;normal;normal;18/11/2024 00:00:00
229181;18/11/2024 07:44:02;18/11/2024 07:44:06;poll_msg;38.3788873;-2.6921598;18/11/2024 07:59:02;fence;normal;normal;18/11/2024 00:00:00
229181;18/11/2024 07:59:02;18/11/2024 07:59:06;poll_msg;38.3794833;-2.6924352;18/11/2024 08:14:02;fence;normal;normal;18/11/2024 00:00:00
229181;18/11/2024 08:14:02;18/11/2024 08:14:06;poll_msg;38.3816575;-2.6931286;18/11/2024 08:29:02;fence;normal;normal;18/11/2024 00:00:00
229181;18/11/2024 08:29:02;18/11/2024 08:29:06;poll_msg;38.3815925;-2.6931235;18/11/2024 08:44:07;fence;sleep;normal;18/11/2024 00:00:00
229181;18/11/2024 08:44:07;18/11/2024 08:44:07;poll_msg;38.3817812;-2.6933628;18/11/2024 08:59:07;fence;normal;normal;18/11/2024 00:00:00
229181;18/11/2024 08:59:07;18/11/2024 08:59:10;poll_msg;38.3810007;-2.6937711;18/11/2024 09:14:07;fence;normal;normal;18/11/2024 00:00:00
229181;18/11/2024 09:14:07;18/11/2024 09:14:07;poll_msg;38.380946;-2.6925298;18/11/2024 09:29:02;fence;normal;normal;18/11/2024 00:00:00
229181;18/11/2024 09:29:02;18/11/2024 09:29:06;poll_msg;38.3796105;-2.6912554;18/11/2024 09:44:02;fence;normal;normal;18/11/2024 00:00:00
229181;18/11/2024 09:44:02;18/11/2024 09:44:06;poll_msg;38.3795773;-2.6917282;18/11/2024 09:59:07;fence;normal;normal;18/11/2024 00:00:00
229181;18/11/2024 09:59:07;18/11/2024 09:59:07;poll_msg;38.3807255;-2.6919648;18/11/2024 10:14:07;fence;normal;normal;18/11/2024 00:00:00
229181;18/11/2024 10:14:07;18/11/2024 10:14:07;poll_msg;38.3819892;-2.6933385;18/11/2024 10:23:18;fence;normal;normal;18/11/2024 00:00:00
229181;18/11/2024 10:23:18;18/11/2024 10:29:06;poll_msg;38.3816235;-2.6930807;18/11/2024 10:23:18;fence;sleep;normal;18/11/2024 00:00:00
229181;18/11/2024 10:23:18;18/11/2024 10:44:06;poll_msg;38.3816235;-2.6930807;18/11/2024 10:59:02;fence;sleep;normal;18/11/2024 00:00:00
229181;18/11/2024 10:59:02;18/11/2024 10:59:06;poll_msg;38.381678;-2.6931848;18/11/2024 10:59:39;fence;normal;normal;18/11/2024 00:00:00
229181;18/11/2024 10:59:39;18/11/2024 11:14:06;poll_msg;38.3816467;-2.6931864;18/11/2024 11:29:07;fence;sleep;normal;18/11/2024 00:00:00
229181;18/11/2024 11:29:07;18/11/2024 11:29:08;poll_msg;38.3813026;-2.6931937;18/11/2024 11:44:07;fence;normal;normal;18/11/2024 00:00:00
229181;18/11/2024 11:44:07;18/11/2024 11:44:09;poll_msg;38.3787264;-2.6921371;18/11/2024 11:59:07;fence;normal;normal;18/11/2024 00:00:00
229181;18/11/2024 11:59:07;18/11/2024 11:59:07;poll_msg;38.3787338;-2.6913289;18/11/2024 12:14:07;fence;normal;normal;18/11/2024 00:00:00
229181;18/11/2024 12:14:07;18/11/2024 12:14:09;poll_msg;38.3792983;-2.6913672;18/11/2024 12:29:02;fence;normal;normal;18/11/2024 00:00:00
229181;18/11/2024 12:29:02;18/11/2024 12:29:06;poll_msg;38.3796243;-2.6914334;18/11/2024 12:44:02;fence;normal;normal;18/11/2024 00:00:00
229181;18/11/2024 12:44:02;18/11/2024 12:44:06;poll_msg;38.3806853;-2.6918985;18/11/2024 12:59:07;fence;normal;normal;18/11/2024 00:00:00
229181;18/11/2024 12:59:07;18/11/2024 12:59:08;poll_msg;38.3816043;-2.693151;18/11/2024 13:14:07;fence;normal;normal;18/11/2024 00:00:00
229181;18/11/2024 13:14:07;18/11/2024 13:14:07;poll_msg;38.3816375;-2.6930294;18/11/2024 13:29:07;fence;normal;normal;18/11/2024 00:00:00
229181;18/11/2024 13:29:07;18/11/2024 13:29:07;poll_msg;38.3809149;-2.693772;18/11/2024 13:44:02;fence;normal;normal;18/11/2024 00:00:00
229181;18/11/2024 13:44:02;18/11/2024 13:44:06;poll_msg;38.3789559;-2.6928065;18/11/2024 13:59:02;fence;normal;normal;18/11/2024 00:00:00
229181;18/11/2024 13:59:02;18/11/2024 13:59:06;poll_msg;38.3788857;-2.6917675;18/11/2024 14:14:07;fence;normal;normal;18/11/2024 00:00:00
229181;18/11/2024 14:14:07;18/11/2024 14:14:07;poll_msg;38.3816635;-2.6932;18/11/2024 14:29:07;fence;normal;normal;18/11/2024 00:00:00
229181;18/11/2024 14:29:07;18/11/2024 14:29:09;poll_msg;38.3817787;-2.6932468;18/11/2024 14:44:07;fence;normal;normal;18/11/2024 00:00:00
229181;18/11/2024 14:44:07;18/11/2024 14:44:07;poll_msg;38.3817827;-2.6933129;18/11/2024 14:59:02;fence;normal;normal;18/11/2024 00:00:00
229181;18/11/2024 14:59:02;18/11/2024 14:59:06;poll_msg;38.3807475;-2.6938486;18/11/2024 14:59:32;fence;normal;normal;18/11/2024 00:00:00
229181;18/11/2024 14:59:32;18/11/2024 14:59:33;poll_msg;38.3807874;-2.693833;18/11/2024 15:14:12;fence;normal;normal;18/11/2024 00:00:00
229181;18/11/2024 15:14:12;18/11/2024 15:14:13;poll_msg;38.3815999;-2.6932295;18/11/2024 15:29:12;fence;normal;normal;18/11/2024 00:00:00
229181;18/11/2024 15:29:12;18/11/2024 15:29:16;poll_msg;38.3814044;-2.6928893;18/11/2024 15:44:12;fence;normal;normal;18/11/2024 00:00:00
229181;18/11/2024 15:44:12;18/11/2024 15:44:14;poll_msg;38.3801445;-2.6925777;18/11/2024 15:59:12;fence;normal;normal;18/11/2024 00:00:00
229181;18/11/2024 15:59:12;18/11/2024 15:59:14;poll_msg;38.3794932;-2.6924948;18/11/2024 15:59:32;fence;normal;normal;18/11/2024 00:00:00
229181;18/11/2024 15:59:32;18/11/2024 15:59:32;poll_msg;38.3794843;-2.6924337;;fence;normal;normal;18/11/2024 00:00:00
229327;18/11/2024 00:00:12;18/11/2024 00:00:12;poll_msg;38.380534;-2.69362;18/11/2024 00:06:32;fence;normal;normal;18/11/2024 00:00:00
229327;18/11/2024 00:06:32;18/11/2024 00:15:08;poll_msg;38.3803733;-2.6937912;18/11/2024 00:30:07;fence;sleep;normal;18/11/2024 00:00:00
229327;18/11/2024 00:30:07;18/11/2024 00:30:08;poll_msg;38.3797711;-2.6931273;18/11/2024 00:45:07;fence;normal;normal;18/11/2024 00:00:00
229327;18/11/2024 00:45:07;18/11/2024 00:45:08;poll_msg;38.3791283;-2.6926523;18/11/2024 01:00:07;fence;normal;normal;18/11/2024 00:00:00
229327;18/11/2024 01:00:07;18/11/2024 01:00:07;poll_msg;38.379063;-2.6927392;18/11/2024 01:15:07;fence;normal;normal;18/11/2024 00:00:00
229327;18/11/2024 01:15:07;18/11/2024 01:15:08;poll_msg;38.3791541;-2.6929118;18/11/2024 01:30:07;fence;normal;normal;18/11/2024 00:00:00
229327;18/11/2024 01:30:07;18/11/2024 01:30:07;poll_msg;38.3796722;-2.6927317;18/11/2024 01:45:07;fence;normal;normal;18/11/2024 00:00:00
229327;18/11/2024 01:45:07;18/11/2024 01:45:07;poll_msg;38.3796856;-2.6927491;18/11/2024 02:00:07;fence;normal;normal;18/11/2024 00:00:00
229327;18/11/2024 02:00:07;18/11/2024 02:00:08;poll_msg;38.3800499;-2.6930261;18/11/2024 02:14:27;fence;normal;normal;18/11/2024 00:00:00
229327;18/11/2024 02:14:27;18/11/2024 02:15:08;poll_msg;38.3801439;-2.6933501;18/11/2024 02:14:27;fence;sleep;normal;18/11/2024 00:00:00
229327;18/11/2024 02:14:27;18/11/2024 02:30:09;poll_msg;38.3801439;-2.6933501;18/11/2024 02:14:27;fence;sleep;normal;18/11/2024 00:00:00
229327;18/11/2024 02:14:27;18/11/2024 02:45:08;poll_msg;38.3801439;-2.6933501;18/11/2024 02:14:27;fence;sleep;normal;18/11/2024 00:00:00
229327;18/11/2024 02:14:27;18/11/2024 03:00:09;poll_msg;38.3801439;-2.6933501;18/11/2024 02:14:27;fence;sleep;normal;18/11/2024 00:00:00
229327;18/11/2024 02:14:27;18/11/2024 03:15:07;poll_msg;38.3801439;-2.6933501;18/11/2024 02:14:27;fence;sleep;normal;18/11/2024 00:00:00
229327;18/11/2024 02:14:27;18/11/2024 03:30:07;poll_msg;38.3801439;-2.6933501;18/11/2024 02:14:27;fence;sleep;normal;18/11/2024 00:00:00
229327;18/11/2024 02:14:27;18/11/2024 03:45:08;poll_msg;38.3801439;-2.6933501;18/11/2024 02:14:27;fence;sleep;normal;18/11/2024 00:00:00
229327;18/11/2024 02:14:27;18/11/2024 04:00:07;poll_msg;38.3801439;-2.6933501;18/11/2024 02:14:27;fence;sleep;normal;18/11/2024 00:00:00
229327;18/11/2024 02:14:27;18/11/2024 04:15:08;poll_msg;38.3801439;-2.6933501;18/11/2024 02:14:27;fence;sleep;normal;18/11/2024 00:00:00
229327;18/11/2024 02:14:27;18/11/2024 04:30:08;poll_msg;38.3801439;-2.6933501;18/11/2024 02:14:27;fence;sleep;normal;18/11/2024 00:00:00
229327;18/11/2024 02:14:27;18/11/2024 04:45:08;poll_msg;38.3801439;-2.6933501;18/11/2024 04:47:52;fence;sleep;normal;18/11/2024 00:00:00
229327;18/11/2024 04:47:52;18/11/2024 05:00:08;poll_msg;38.3801573;-2.6932982;18/11/2024 04:47:52;fence;sleep;normal;18/11/2024 00:00:00
229327;18/11/2024 04:47:52;18/11/2024 05:00:09;poll_msg;38.3801573;-2.6932982;18/11/2024 04:47:52;fence;sleep;normal;18/11/2024 00:00:00
229327;18/11/2024 04:47:52;18/11/2024 05:15:09;poll_msg;38.3801573;-2.6932982;18/11/2024 04:47:52;fence;sleep;normal;18/11/2024 00:00:00
229327;18/11/2024 04:47:52;18/11/2024 05:30:07;poll_msg;38.3801573;-2.6932982;18/11/2024 04:47:52;fence;sleep;normal;18/11/2024 00:00:00
229327;18/11/2024 04:47:52;18/11/2024 05:45:07;poll_msg;38.3801573;-2.6932982;18/11/2024 04:47:52;fence;sleep;normal;18/11/2024 00:00:00
229327;18/11/2024 04:47:52;18/11/2024 06:00:07;poll_msg;38.3801573;-2.6932982;18/11/2024 04:47:52;fence;sleep;normal;18/11/2024 00:00:00
229327;18/11/2024 04:47:52;18/11/2024 06:15:08;poll_msg;38.3801573;-2.6932982;18/11/2024 04:47:52;fence;sleep;normal;18/11/2024 00:00:00
229327;18/11/2024 04:47:52;18/11/2024 06:30:08;poll_msg;38.3801573;-2.6932982;18/11/2024 06:45:07;fence;sleep;normal;18/11/2024 00:00:00
229327;18/11/2024 06:45:07;18/11/2024 06:45:10;poll_msg;38.3800028;-2.6934864;18/11/2024 07:00:22;fence;normal;normal;18/11/2024 00:00:00
229327;18/11/2024 07:00:22;18/11/2024 07:00:23;poll_msg;38.3809522;-2.6936919;18/11/2024 07:15:07;fence;normal;normal;18/11/2024 00:00:00
229327;18/11/2024 07:15:07;18/11/2024 07:15:08;poll_msg;38.380841;-2.6924835;18/11/2024 07:30:07;fence;normal;normal;18/11/2024 00:00:00
229327;18/11/2024 07:30:07;18/11/2024 07:30:07;poll_msg;38.3798151;-2.6921667;18/11/2024 07:45:07;fence;normal;normal;18/11/2024 00:00:00
229327;18/11/2024 07:45:07;18/11/2024 07:45:07;poll_msg;38.378928;-2.6925711;18/11/2024 08:00:07;fence;normal;normal;18/11/2024 00:00:00
229327;18/11/2024 08:00:07;18/11/2024 08:00:07;poll_msg;38.378973;-2.692645;18/11/2024 08:00:22;fence;normal;normal;18/11/2024 00:00:00
229327;18/11/2024 08:00:22;18/11/2024 08:00:22;poll_msg;38.3789764;-2.6926316;18/11/2024 08:15:07;fence;normal;normal;18/11/2024 00:00:00
229327;18/11/2024 08:15:07;18/11/2024 08:15:10;poll_msg;38.3817764;-2.6930964;18/11/2024 08:29:57;fence;normal;normal;18/11/2024 00:00:00
229327;18/11/2024 08:29:57;18/11/2024 08:30:01;poll_msg;38.3817632;-2.6931763;18/11/2024 08:44:22;fence;normal;normal;18/11/2024 00:00:00
229327;18/11/2024 08:44:22;18/11/2024 08:45:03;poll_msg;38.3817465;-2.693221;18/11/2024 08:59:57;fence;sleep;normal;18/11/2024 00:00:00
229327;18/11/2024 08:59:57;18/11/2024 09:00:01;poll_msg;38.3802227;-2.6935838;18/11/2024 09:14:57;fence;normal;normal;18/11/2024 00:00:00
229327;18/11/2024 09:14:57;18/11/2024 09:15:01;poll_msg;38.3806609;-2.692449;18/11/2024 09:29:57;fence;normal;normal;18/11/2024 00:00:00
229327;18/11/2024 09:29:57;18/11/2024 09:30:01;poll_msg;38.3797852;-2.6917303;18/11/2024 09:44:57;fence;normal;normal;18/11/2024 00:00:00
229327;18/11/2024 09:44:57;18/11/2024 09:45:01;poll_msg;38.3799329;-2.691573;18/11/2024 09:59:57;fence;normal;normal;18/11/2024 00:00:00
229327;18/11/2024 09:59:57;18/11/2024 10:00:01;poll_msg;38.3803614;-2.6917583;18/11/2024 10:14:57;fence;normal;normal;18/11/2024 00:00:00
229327;18/11/2024 10:14:57;18/11/2024 10:15:01;poll_msg;38.3814453;-2.6933048;18/11/2024 10:27:00;fence;normal;normal;18/11/2024 00:00:00
229327;18/11/2024 10:27:00;18/11/2024 10:30:07;poll_msg;38.3814543;-2.6934319;18/11/2024 10:40:18;fence;sleep;normal;18/11/2024 00:00:00
229327;18/11/2024 10:40:18;18/11/2024 10:45:08;poll_msg;38.3814625;-2.693395;18/11/2024 10:58:27;fence;sleep;normal;18/11/2024 00:00:00
229327;18/11/2024 10:58:27;18/11/2024 11:00:01;poll_msg;38.3814502;-2.693359;18/11/2024 10:58:27;fence;sleep;normal;18/11/2024 00:00:00
229327;18/11/2024 10:58:27;18/11/2024 11:00:27;poll_msg;38.3814502;-2.693359;18/11/2024 10:58:27;fence;sleep;normal;18/11/2024 00:00:00
229327;18/11/2024 10:58:27;18/11/2024 11:15:08;poll_msg;38.3814502;-2.693359;18/11/2024 11:30:07;fence;sleep;normal;18/11/2024 00:00:00
229327;18/11/2024 11:30:07;18/11/2024 11:30:08;poll_msg;38.3808044;-2.6938462;18/11/2024 11:45:07;fence;normal;normal;18/11/2024 00:00:00
229327;18/11/2024 11:45:07;18/11/2024 11:45:09;poll_msg;38.3783135;-2.6919634;18/11/2024 12:00:07;fence;normal;normal;18/11/2024 00:00:00
229327;18/11/2024 12:00:07;18/11/2024 12:00:08;poll_msg;38.3783027;-2.6916187;18/11/2024 12:15:07;fence;normal;normal;18/11/2024 00:00:00
229327;18/11/2024 12:15:07;18/11/2024 12:15:10;poll_msg;38.3795349;-2.6917394;18/11/2024 12:30:07;fence;normal;normal;18/11/2024 00:00:00
229327;18/11/2024 12:30:07;18/11/2024 12:30:08;poll_msg;38.3796523;-2.6918153;18/11/2024 12:45:07;fence;normal;normal;18/11/2024 00:00:00
229327;18/11/2024 12:45:07;18/11/2024 12:45:07;poll_msg;38.3805988;-2.6920919;18/11/2024 13:00:07;fence;normal;normal;18/11/2024 00:00:00
229327;18/11/2024 13:00:07;18/11/2024 13:00:08;poll_msg;38.3815269;-2.6931843;18/11/2024 13:15:07;fence;normal;normal;18/11/2024 00:00:00
229327;18/11/2024 13:15:07;18/11/2024 13:15:08;poll_msg;38.3812148;-2.6936918;18/11/2024 13:30:07;fence;normal;normal;18/11/2024 00:00:00
229327;18/11/2024 13:30:07;18/11/2024 13:30:10;poll_msg;38.3805606;-2.6937322;18/11/2024 13:45:07;fence;normal;normal;18/11/2024 00:00:00
229327;18/11/2024 13:45:07;18/11/2024 13:45:09;poll_msg;38.3787213;-2.6921288;18/11/2024 14:00:07;fence;normal;normal;18/11/2024 00:00:00
229327;18/11/2024 14:00:07;18/11/2024 14:00:10;poll_msg;38.3787417;-2.6914737;18/11/2024 14:15:37;fence;normal;normal;18/11/2024 00:00:00
229327;18/11/2024 14:15:37;18/11/2024 14:15:39;poll_msg;38.3820113;-2.6935556;18/11/2024 14:30:07;fence;normal;normal;18/11/2024 00:00:00
229327;18/11/2024 14:30:07;18/11/2024 14:30:08;poll_msg;38.3817489;-2.6932887;18/11/2024 14:40:37;fence;normal;normal;18/11/2024 00:00:00
229327;18/11/2024 14:40:37;18/11/2024 14:45:08;poll_msg;38.3816561;-2.6931754;18/11/2024 15:00:07;fence;sleep;normal;18/11/2024 00:00:00
229327;18/11/2024 15:00:07;18/11/2024 15:00:10;poll_msg;38.3807048;-2.6938703;18/11/2024 15:15:07;fence;normal;normal;18/11/2024 00:00:00
229327;18/11/2024 15:15:07;18/11/2024 15:15:08;poll_msg;38.3813484;-2.6928032;18/11/2024 15:30:07;fence;normal;normal;18/11/2024 00:00:00
229327;18/11/2024 15:30:07;18/11/2024 15:30:09;poll_msg;38.3812455;-2.6927856;18/11/2024 15:45:07;fence;normal;normal;18/11/2024 00:00:00
229327;18/11/2024 15:45:07;18/11/2024 15:45:09;poll_msg;38.3803012;-2.6923744;18/11/2024 16:00:07;fence;normal;normal;18/11/2024 00:00:00
229327;18/11/2024 16:00:07;18/11/2024 16:00:08;poll_msg;38.3795175;-2.6924657;18/11/2024 16:00:22;fence;normal;normal;18/11/2024 00:00:00
229327;18/11/2024 16:00:22;18/11/2024 16:00:23;poll_msg;38.3795349;-2.6924753;31/10/2024 23:53:47;fence;normal;normal;18/11/2024 00:00:00
229344;18/11/2024 00:17:32;18/11/2024 00:17:34;poll_msg;38.3801577;-2.6933988;18/11/2024 00:32:32;fence;normal;normal;18/11/2024 00:00:00
229344;18/11/2024 00:32:32;18/11/2024 00:32:35;poll_msg;38.3790103;-2.6928003;18/11/2024 00:47:32;fence;normal;normal;18/11/2024 00:00:00
229344;18/11/2024 00:47:32;18/11/2024 00:47:34;poll_msg;38.379025;-2.6927925;18/11/2024 01:02:32;fence;normal;normal;18/11/2024 00:00:00
229344;18/11/2024 01:02:32;18/11/2024 01:02:34;poll_msg;38.3791742;-2.6929829;18/11/2024 01:17:34;fence;normal;normal;18/11/2024 00:00:00
229344;18/11/2024 01:17:34;18/11/2024 01:17:34;poll_msg;38.3793641;-2.6929766;18/11/2024 01:32:32;fence;normal;normal;18/11/2024 00:00:00
229344;18/11/2024 01:32:32;18/11/2024 01:32:35;poll_msg;38.3797805;-2.6930925;18/11/2024 01:47:34;fence;normal;normal;18/11/2024 00:00:00
229344;18/11/2024 01:47:34;18/11/2024 01:47:34;poll_msg;38.3801053;-2.6930951;18/11/2024 01:56:07;fence;normal;normal;18/11/2024 00:00:00
229344;18/11/2024 01:56:07;18/11/2024 02:02:34;poll_msg;38.3802523;-2.6932305;18/11/2024 01:56:07;fence;sleep;normal;18/11/2024 00:00:00
229344;18/11/2024 01:56:07;18/11/2024 02:17:37;poll_msg;38.3802523;-2.6932305;18/11/2024 01:56:07;fence;sleep;normal;18/11/2024 00:00:00
229344;18/11/2024 01:56:07;18/11/2024 02:32:34;poll_msg;38.3802523;-2.6932305;18/11/2024 01:56:07;fence;sleep;normal;18/11/2024 00:00:00
229344;18/11/2024 01:56:07;18/11/2024 02:47:35;poll_msg;38.3802523;-2.6932305;18/11/2024 01:56:07;fence;sleep;normal;18/11/2024 00:00:00
229344;18/11/2024 01:56:07;18/11/2024 03:02:34;poll_msg;38.3802523;-2.6932305;18/11/2024 03:17:32;fence;sleep;normal;18/11/2024 00:00:00
229344;18/11/2024 03:17:32;18/11/2024 03:17:34;poll_msg;38.3802049;-2.6932318;18/11/2024 03:18:42;fence;normal;normal;18/11/2024 00:00:00
229344;18/11/2024 03:18:42;18/11/2024 03:32:34;poll_msg;38.3801997;-2.6932782;18/11/2024 03:47:32;fence;sleep;normal;18/11/2024 00:00:00
229344;18/11/2024 03:47:32;18/11/2024 03:47:34;poll_msg;38.3802719;-2.6933458;18/11/2024 03:52:03;fence;normal;normal;18/11/2024 00:00:00
229344;18/11/2024 03:52:03;18/11/2024 04:02:34;poll_msg;38.3802488;-2.6933022;18/11/2024 03:52:03;fence;sleep;normal;18/11/2024 00:00:00
229344;18/11/2024 03:52:03;18/11/2024 04:17:35;poll_msg;38.3802488;-2.6933022;18/11/2024 04:27:22;fence;sleep;normal;18/11/2024 00:00:00
229344;18/11/2024 04:27:22;18/11/2024 04:32:48;poll_msg;38.3802785;-2.6932711;18/11/2024 04:47:32;fence;sleep;normal;18/11/2024 00:00:00
229344;18/11/2024 04:47:32;18/11/2024 04:47:34;poll_msg;38.380203;-2.6933223;18/11/2024 04:49:47;fence;normal;normal;18/11/2024 00:00:00
229344;18/11/2024 04:49:47;18/11/2024 05:02:34;poll_msg;38.3801833;-2.6933234;18/11/2024 04:49:47;fence;sleep;normal;18/11/2024 00:00:00
229344;18/11/2024 04:49:47;18/11/2024 05:02:35;poll_msg;38.3801833;-2.6933234;18/11/2024 04:49:47;fence;sleep;normal;18/11/2024 00:00:00
229344;18/11/2024 04:49:47;18/11/2024 05:17:34;poll_msg;38.3801833;-2.6933234;18/11/2024 04:49:47;fence;sleep;normal;18/11/2024 00:00:00
229344;18/11/2024 04:49:47;18/11/2024 05:32:34;poll_msg;38.3801833;-2.6933234;18/11/2024 04:49:47;fence;sleep;normal;18/11/2024 00:00:00
229344;18/11/2024 04:49:47;18/11/2024 05:47:34;poll_msg;38.3801833;-2.6933234;18/11/2024 04:49:47;fence;sleep;normal;18/11/2024 00:00:00
229344;18/11/2024 04:49:47;18/11/2024 06:02:33;poll_msg;38.3801833;-2.6933234;18/11/2024 04:49:47;fence;sleep;normal;18/11/2024 00:00:00
229344;18/11/2024 04:49:47;18/11/2024 06:17:33;poll_msg;38.3801833;-2.6933234;18/11/2024 04:49:47;fence;sleep;normal;18/11/2024 00:00:00
229344;18/11/2024 04:49:47;18/11/2024 06:32:34;poll_msg;38.3801833;-2.6933234;18/11/2024 06:47:33;fence;sleep;normal;18/11/2024 00:00:00
229344;18/11/2024 06:47:33;18/11/2024 06:47:34;poll_msg;38.3804559;-2.693221;18/11/2024 07:02:32;fence;normal;normal;18/11/2024 00:00:00
229344;18/11/2024 07:02:32;18/11/2024 07:02:34;poll_msg;38.3806062;-2.6932323;18/11/2024 07:17:32;fence;normal;normal;18/11/2024 00:00:00
229344;18/11/2024 07:17:32;18/11/2024 07:17:34;poll_msg;38.3813647;-2.6929151;18/11/2024 07:32:32;fence;normal;normal;18/11/2024 00:00:00
229344;18/11/2024 07:32:32;18/11/2024 07:32:35;poll_msg;38.3787638;-2.6923834;18/11/2024 07:46:27;fence;normal;normal;18/11/2024 00:00:00
229344;18/11/2024 07:46:27;18/11/2024 07:47:34;poll_msg;38.3791155;-2.6925609;18/11/2024 08:02:32;fence;sleep;normal;18/11/2024 00:00:00
229344;18/11/2024 08:02:32;18/11/2024 08:02:34;poll_msg;38.380071;-2.6926328;18/11/2024 08:02:47;fence;normal;normal;18/11/2024 00:00:00
229344;18/11/2024 08:02:47;18/11/2024 08:02:49;poll_msg;38.3800499;-2.6926033;18/11/2024 08:17:27;fence;normal;normal;18/11/2024 00:00:00
229344;18/11/2024 08:17:27;18/11/2024 08:17:27;poll_msg;38.3814421;-2.6929705;18/11/2024 08:31:42;fence;normal;normal;18/11/2024 00:00:00
229344;18/11/2024 08:31:42;18/11/2024 08:32:27;poll_msg;38.3816651;-2.6931464;18/11/2024 08:42:37;fence;sleep;normal;18/11/2024 00:00:00
229344;18/11/2024 08:42:37;18/11/2024 08:47:27;poll_msg;38.3816296;-2.6930773;18/11/2024 09:02:27;fence;sleep;normal;18/11/2024 00:00:00
229344;18/11/2024 09:02:27;18/11/2024 09:02:29;poll_msg;38.3807804;-2.6937171;18/11/2024 09:17:27;fence;normal;normal;18/11/2024 00:00:00
229344;18/11/2024 09:17:27;18/11/2024 09:17:27;poll_msg;38.38062;-2.6918053;18/11/2024 09:32:27;fence;normal;normal;18/11/2024 00:00:00
229344;18/11/2024 09:32:27;18/11/2024 09:32:27;poll_msg;38.3792178;-2.6915631;18/11/2024 09:47:27;fence;normal;normal;18/11/2024 00:00:00
229344;18/11/2024 09:47:27;18/11/2024 09:47:27;poll_msg;38.380052;-2.6919557;18/11/2024 10:02:27;fence;normal;normal;18/11/2024 00:00:00
229344;18/11/2024 10:02:27;18/11/2024 10:02:27;poll_msg;38.3814334;-2.6930915;18/11/2024 10:17:27;fence;normal;normal;18/11/2024 00:00:00
229344;18/11/2024 10:17:27;18/11/2024 10:17:27;poll_msg;38.3811784;-2.6934886;18/11/2024 10:32:27;fence;normal;normal;18/11/2024 00:00:00
229344;18/11/2024 10:32:27;18/11/2024 10:32:27;poll_msg;38.3813458;-2.6934387;18/11/2024 10:47:27;fence;normal;normal;18/11/2024 00:00:00
229344;18/11/2024 10:47:27;18/11/2024 10:47:28;poll_msg;38.3814619;-2.6936925;18/11/2024 11:02:27;fence;normal;normal;18/11/2024 00:00:00
229344;18/11/2024 11:02:27;18/11/2024 11:02:27;poll_msg;38.3813693;-2.6935186;18/11/2024 11:02:52;fence;normal;normal;18/11/2024 00:00:00
229344;18/11/2024 11:02:52;18/11/2024 11:02:54;poll_msg;38.3814079;-2.6935363;18/11/2024 11:16:47;fence;normal;normal;18/11/2024 00:00:00
229344;18/11/2024 11:16:47;18/11/2024 11:17:34;poll_msg;38.3816499;-2.6932712;18/11/2024 11:32:32;fence;sleep;normal;18/11/2024 00:00:00
229344;18/11/2024 11:32:32;18/11/2024 11:32:34;poll_msg;38.380499;-2.693335;18/11/2024 11:47:32;fence;normal;normal;18/11/2024 00:00:00
229344;18/11/2024 11:47:32;18/11/2024 11:47:34;poll_msg;38.3792882;-2.6928809;18/11/2024 12:02:32;fence;normal;normal;18/11/2024 00:00:00
229344;18/11/2024 12:02:32;18/11/2024 12:02:36;poll_msg;38.3790567;-2.691512;18/11/2024 12:17:32;fence;normal;normal;18/11/2024 00:00:00
229344;18/11/2024 12:17:32;18/11/2024 12:17:33;poll_msg;38.3795478;-2.6916517;18/11/2024 12:32:32;fence;normal;normal;18/11/2024 00:00:00
229344;18/11/2024 12:32:32;18/11/2024 12:32:34;poll_msg;38.3800485;-2.6917659;18/11/2024 12:47:32;fence;normal;normal;18/11/2024 00:00:00
229344;18/11/2024 12:47:32;18/11/2024 12:47:34;poll_msg;38.3814852;-2.6930753;18/11/2024 12:47:47;fence;normal;normal;18/11/2024 00:00:00
229344;18/11/2024 12:47:47;18/11/2024 12:47:48;poll_msg;38.3814546;-2.6929997;18/11/2024 13:02:27;fence;normal;normal;18/11/2024 00:00:00
229344;18/11/2024 13:02:27;18/11/2024 13:02:27;poll_msg;38.3814243;-2.6932058;18/11/2024 13:17:27;fence;normal;normal;18/11/2024 00:00:00
229344;18/11/2024 13:17:27;18/11/2024 13:17:27;poll_msg;38.3812475;-2.6935067;18/11/2024 13:32:27;fence;normal;normal;18/11/2024 00:00:00
229344;18/11/2024 13:32:27;18/11/2024 13:32:27;poll_msg;38.3803897;-2.6938085;18/11/2024 13:47:27;fence;normal;normal;18/11/2024 00:00:00
229344;18/11/2024 13:47:27;18/11/2024 13:47:30;poll_msg;38.3788653;-2.6924019;18/11/2024 14:02:27;fence;normal;normal;18/11/2024 00:00:00
229344;18/11/2024 14:02:27;18/11/2024 14:02:27;poll_msg;38.3789502;-2.691669;18/11/2024 14:17:27;fence;normal;normal;18/11/2024 00:00:00
229344;18/11/2024 14:17:27;18/11/2024 14:17:28;poll_msg;38.3816336;-2.6932047;18/11/2024 14:32:27;fence;normal;normal;18/11/2024 00:00:00
229344;18/11/2024 14:32:27;18/11/2024 14:32:27;poll_msg;38.3815581;-2.6932673;18/11/2024 14:47:27;fence;normal;normal;18/11/2024 00:00:00
229344;18/11/2024 14:47:27;18/11/2024 14:47:27;poll_msg;38.3809936;-2.6937317;18/11/2024 15:02:32;fence;normal;normal;18/11/2024 00:00:00
229344;18/11/2024 15:02:32;18/11/2024 15:02:35;poll_msg;38.3807304;-2.6940426;18/11/2024 15:17:32;fence;normal;normal;18/11/2024 00:00:00
229344;18/11/2024 15:17:32;18/11/2024 15:17:33;poll_msg;38.3813655;-2.6926919;18/11/2024 15:32:32;fence;normal;normal;18/11/2024 00:00:00
229344;18/11/2024 15:32:32;18/11/2024 15:32:34;poll_msg;38.3811749;-2.6929378;18/11/2024 15:47:32;fence;normal;normal;18/11/2024 00:00:00
229344;18/11/2024 15:47:32;18/11/2024 15:47:34;poll_msg;38.3795786;-2.6929059;18/11/2024 15:47:47;fence;normal;normal;18/11/2024 00:00:00
229344;18/11/2024 15:47:47;18/11/2024 15:47:49;poll_msg;38.3796051;-2.6929355;18/11/2024 16:02:27;fence;normal;normal;18/11/2024 00:00:00
229344;18/11/2024 16:02:27;18/11/2024 16:02:28;poll_msg;38.379326;-2.6926527;31/10/2024 23:49:32;fence;normal;normal;18/11/2024 00:00:00
246050;18/11/2024 00:00:42;18/11/2024 00:05:42;poll_msg;38.3804234;-2.6936498;18/11/2024 00:20:37;fence;sleep;normal;18/11/2024 00:00:00
246050;18/11/2024 00:20:37;18/11/2024 00:20:41;poll_msg;38.3798683;-2.6933278;18/11/2024 00:35:37;fence;normal;normal;18/11/2024 00:00:00
246050;18/11/2024 00:35:37;18/11/2024 00:35:41;poll_msg;38.3791509;-2.6929543;18/11/2024 00:50:37;fence;normal;normal;18/11/2024 00:00:00
246050;18/11/2024 00:50:37;18/11/2024 00:50:40;poll_msg;38.3791163;-2.6928699;18/11/2024 01:05:52;fence;normal;normal;18/11/2024 00:00:00
246050;18/11/2024 01:05:52;18/11/2024 01:05:55;poll_msg;38.3793274;-2.6928502;18/11/2024 01:20:37;fence;normal;normal;18/11/2024 00:00:00
246050;18/11/2024 01:20:37;18/11/2024 01:20:40;poll_msg;38.3796229;-2.6928916;18/11/2024 01:35:42;fence;normal;normal;18/11/2024 00:00:00
246050;18/11/2024 01:35:42;18/11/2024 01:35:43;poll_msg;38.3797758;-2.6930455;18/11/2024 01:50:42;fence;normal;normal;18/11/2024 00:00:00
246050;18/11/2024 01:50:42;18/11/2024 01:50:43;poll_msg;38.3800753;-2.6932131;18/11/2024 02:05:42;fence;normal;normal;18/11/2024 00:00:00
246050;18/11/2024 02:05:42;18/11/2024 02:05:42;poll_msg;38.3802224;-2.6932098;18/11/2024 02:09:17;fence;normal;normal;18/11/2024 00:00:00
246050;18/11/2024 02:09:17;18/11/2024 02:20:42;poll_msg;38.3802323;-2.6932092;18/11/2024 02:09:17;fence;sleep;normal;18/11/2024 00:00:00
246050;18/11/2024 02:09:17;18/11/2024 02:35:42;poll_msg;38.3802323;-2.6932092;18/11/2024 02:09:17;fence;sleep;normal;18/11/2024 00:00:00
246050;18/11/2024 02:09:17;18/11/2024 02:50:40;poll_msg;38.3802323;-2.6932092;18/11/2024 02:09:17;fence;sleep;normal;18/11/2024 00:00:00
246050;18/11/2024 02:09:17;18/11/2024 03:05:40;poll_msg;38.3802323;-2.6932092;18/11/2024 02:09:17;fence;sleep;normal;18/11/2024 00:00:00
246050;18/11/2024 02:09:17;18/11/2024 03:20:40;poll_msg;38.3802323;-2.6932092;18/11/2024 02:09:17;fence;sleep;normal;18/11/2024 00:00:00
246050;18/11/2024 02:09:17;18/11/2024 03:35:40;poll_msg;38.3802323;-2.6932092;18/11/2024 02:09:17;fence;sleep;normal;18/11/2024 00:00:00
246050;18/11/2024 02:09:17;18/11/2024 03:50:41;poll_msg;38.3802323;-2.6932092;18/11/2024 02:09:17;fence;sleep;normal;18/11/2024 00:00:00
246050;18/11/2024 02:09:17;18/11/2024 04:05:41;poll_msg;38.3802323;-2.6932092;18/11/2024 02:09:17;fence;sleep;normal;18/11/2024 00:00:00
246050;18/11/2024 02:09:17;18/11/2024 04:20:42;poll_msg;38.3802323;-2.6932092;18/11/2024 02:09:17;fence;sleep;normal;18/11/2024 00:00:00
246050;18/11/2024 02:09:17;18/11/2024 04:35:41;poll_msg;38.3802323;-2.6932092;18/11/2024 02:09:17;fence;sleep;normal;18/11/2024 00:00:00
246050;18/11/2024 02:09:17;18/11/2024 04:50:41;poll_msg;38.3802323;-2.6932092;18/11/2024 02:09:17;fence;sleep;normal;18/11/2024 00:00:00
246050;18/11/2024 02:09:17;18/11/2024 05:05:40;poll_msg;38.3802323;-2.6932092;18/11/2024 02:09:17;fence;sleep;normal;18/11/2024 00:00:00
246050;18/11/2024 02:09:17;18/11/2024 05:05:42;poll_msg;38.3802323;-2.6932092;18/11/2024 02:09:17;fence;sleep;normal;18/11/2024 00:00:00
246050;18/11/2024 02:09:17;18/11/2024 05:20:41;poll_msg;38.3802323;-2.6932092;18/11/2024 05:29:22;fence;sleep;normal;18/11/2024 00:00:00
246050;18/11/2024 05:29:22;18/11/2024 05:35:41;poll_msg;38.3800869;-2.6929028;18/11/2024 05:29:22;fence;sleep;normal;18/11/2024 00:00:00
246050;18/11/2024 05:29:22;18/11/2024 05:50:41;poll_msg;38.3800869;-2.6929028;18/11/2024 05:29:22;fence;sleep;normal;18/11/2024 00:00:00
246050;18/11/2024 05:29:22;18/11/2024 05:50:55;poll_msg;38.3800869;-2.6929028;18/11/2024 06:02:22;fence;sleep;normal;18/11/2024 00:00:00
246050;18/11/2024 06:02:22;18/11/2024 06:05:34;poll_msg;38.3802194;-2.693119;18/11/2024 06:02:22;fence;sleep;normal;18/11/2024 00:00:00
246050;18/11/2024 06:02:22;18/11/2024 06:20:34;poll_msg;38.3802194;-2.693119;18/11/2024 06:30:42;fence;sleep;normal;18/11/2024 00:00:00
246050;18/11/2024 06:30:42;18/11/2024 06:35:34;poll_msg;38.3802533;-2.6932201;18/11/2024 06:50:32;fence;sleep;normal;18/11/2024 00:00:00
246050;18/11/2024 06:50:32;18/11/2024 06:50:34;poll_msg;38.3801975;-2.6933986;18/11/2024 07:05:32;fence;normal;normal;18/11/2024 00:00:00
246050;18/11/2024 07:05:32;18/11/2024 07:05:34;poll_msg;38.3816529;-2.6932926;18/11/2024 07:20:32;fence;normal;normal;18/11/2024 00:00:00
246050;18/11/2024 07:20:32;18/11/2024 07:20:34;poll_msg;38.380161;-2.6921271;18/11/2024 07:35:32;fence;normal;normal;18/11/2024 00:00:00
246050;18/11/2024 07:35:32;18/11/2024 07:35:34;poll_msg;38.3785137;-2.6918137;18/11/2024 07:50:32;fence;normal;normal;18/11/2024 00:00:00
246050;18/11/2024 07:50:32;18/11/2024 07:50:34;poll_msg;38.3788465;-2.691949;18/11/2024 08:05:32;fence;normal;normal;18/11/2024 00:00:00
246050;18/11/2024 08:05:32;18/11/2024 08:05:34;poll_msg;38.3808539;-2.6926243;18/11/2024 08:20:33;fence;normal;normal;18/11/2024 00:00:00
246050;18/11/2024 08:20:33;18/11/2024 08:20:34;poll_msg;38.381802;-2.69319;18/11/2024 08:35:32;fence;normal;normal;18/11/2024 00:00:00
246050;18/11/2024 08:35:32;18/11/2024 08:35:34;poll_msg;38.3817515;-2.6932326;18/11/2024 08:50:32;fence;normal;normal;18/11/2024 00:00:00
246050;18/11/2024 08:50:32;18/11/2024 08:50:35;poll_msg;38.3815782;-2.693109;18/11/2024 09:05:32;fence;normal;normal;18/11/2024 00:00:00
246050;18/11/2024 09:05:32;18/11/2024 09:05:34;poll_msg;38.3814274;-2.6928589;18/11/2024 09:20:32;fence;normal;normal;18/11/2024 00:00:00
246050;18/11/2024 09:20:32;18/11/2024 09:20:34;poll_msg;38.3802877;-2.6916417;18/11/2024 09:35:32;fence;normal;normal;18/11/2024 00:00:00
246050;18/11/2024 09:35:32;18/11/2024 09:35:34;poll_msg;38.3791987;-2.6915462;18/11/2024 09:50:32;fence;normal;normal;18/11/2024 00:00:00
246050;18/11/2024 09:50:32;18/11/2024 09:50:34;poll_msg;38.3802417;-2.6920255;18/11/2024 10:05:32;fence;normal;normal;18/11/2024 00:00:00
246050;18/11/2024 10:05:32;18/11/2024 10:05:34;poll_msg;38.3816567;-2.6933366;18/11/2024 10:20:32;fence;normal;normal;18/11/2024 00:00:00
246050;18/11/2024 10:20:32;18/11/2024 10:20:34;poll_msg;38.3813236;-2.6936291;18/11/2024 10:35:37;fence;normal;normal;18/11/2024 00:00:00
246050;18/11/2024 10:35:37;18/11/2024 10:35:39;poll_msg;38.3814074;-2.6935973;18/11/2024 10:50:32;fence;normal;normal;18/11/2024 00:00:00
246050;18/11/2024 10:50:32;18/11/2024 10:50:34;poll_msg;38.3812658;-2.693408;18/11/2024 10:50:57;fence;normal;normal;18/11/2024 00:00:00
246050;18/11/2024 10:50:57;18/11/2024 10:51:00;poll_msg;38.3814271;-2.6934856;18/11/2024 11:05:37;fence;normal;normal;18/11/2024 00:00:00
246050;18/11/2024 11:05:37;18/11/2024 11:05:40;poll_msg;38.3817344;-2.6931676;18/11/2024 11:10:02;fence;normal;normal;18/11/2024 00:00:00
246050;18/11/2024 11:10:02;18/11/2024 11:20:43;poll_msg;38.3817696;-2.6931207;18/11/2024 11:35:37;fence;sleep;normal;18/11/2024 00:00:00
246050;18/11/2024 11:35:37;18/11/2024 11:35:41;poll_msg;38.3801318;-2.6931142;18/11/2024 11:50:37;fence;normal;normal;18/11/2024 00:00:00
246050;18/11/2024 11:50:37;18/11/2024 11:50:40;poll_msg;38.3782766;-2.6915011;18/11/2024 12:05:42;fence;normal;normal;18/11/2024 00:00:00
246050;18/11/2024 12:05:42;18/11/2024 12:05:42;poll_msg;38.3790133;-2.6913179;18/11/2024 12:20:37;fence;normal;normal;18/11/2024 00:00:00
246050;18/11/2024 12:20:37;18/11/2024 12:20:40;poll_msg;38.379737;-2.6913081;18/11/2024 12:35:37;fence;normal;normal;18/11/2024 00:00:00
246050;18/11/2024 12:35:37;18/11/2024 12:35:41;poll_msg;38.3803138;-2.6916457;18/11/2024 12:50:37;fence;normal;normal;18/11/2024 00:00:00
246050;18/11/2024 12:50:37;18/11/2024 12:50:41;poll_msg;38.3816907;-2.6932115;18/11/2024 13:06:07;fence;normal;normal;18/11/2024 00:00:00
246050;18/11/2024 13:06:07;18/11/2024 13:06:11;poll_msg;38.3813298;-2.6935798;18/11/2024 13:20:37;fence;normal;normal;18/11/2024 00:00:00
246050;18/11/2024 13:20:37;18/11/2024 13:20:40;poll_msg;38.3813044;-2.6934305;18/11/2024 13:35:37;fence;normal;normal;18/11/2024 00:00:00
246050;18/11/2024 13:35:37;18/11/2024 13:35:40;poll_msg;38.3796728;-2.693164;18/11/2024 13:50:37;fence;normal;normal;18/11/2024 00:00:00
246050;18/11/2024 13:50:37;18/11/2024 13:50:41;poll_msg;38.3790204;-2.6921339;18/11/2024 14:05:42;fence;normal;normal;18/11/2024 00:00:00
246050;18/11/2024 14:05:42;18/11/2024 14:05:42;poll_msg;38.3789179;-2.6918579;18/11/2024 14:05:52;fence;normal;normal;18/11/2024 00:00:00
246050;18/11/2024 14:05:52;18/11/2024 14:05:56;poll_msg;38.3788958;-2.691902;18/11/2024 14:20:32;fence;normal;normal;18/11/2024 00:00:00
246050;18/11/2024 14:20:32;18/11/2024 14:20:35;poll_msg;38.3818003;-2.6933904;18/11/2024 14:35:32;fence;normal;normal;18/11/2024 00:00:00
246050;18/11/2024 14:35:32;18/11/2024 14:35:34;poll_msg;38.3816635;-2.6929896;18/11/2024 14:50:32;fence;normal;normal;18/11/2024 00:00:00
246050;18/11/2024 14:50:32;18/11/2024 14:50:34;poll_msg;38.3806953;-2.6937896;18/11/2024 15:05:32;fence;normal;normal;18/11/2024 00:00:00
246050;18/11/2024 15:05:32;18/11/2024 15:05:34;poll_msg;38.381709;-2.6932402;18/11/2024 15:06:07;fence;normal;normal;18/11/2024 00:00:00
246050;18/11/2024 15:06:07;18/11/2024 15:06:09;poll_msg;38.3816788;-2.6932216;18/11/2024 15:20:47;fence;normal;normal;18/11/2024 00:00:00
246050;18/11/2024 15:20:47;18/11/2024 15:20:49;poll_msg;38.3819165;-2.6935755;18/11/2024 15:35:37;fence;normal;normal;18/11/2024 00:00:00
246050;18/11/2024 15:35:37;18/11/2024 15:35:40;poll_msg;38.3817148;-2.6932134;18/11/2024 15:50:32;fence;normal;normal;18/11/2024 00:00:00
246050;18/11/2024 15:50:32;18/11/2024 15:50:40;poll_msg;38.3818504;-2.6932991;18/11/2024 16:05:42;fence;normal;normal;18/11/2024 00:00:00
246050;18/11/2024 16:05:42;18/11/2024 16:05:44;poll_msg;38.3809563;-2.6932795;;fence;normal;normal;18/11/2024 00:00:00
246064;18/11/2024 00:01:42;18/11/2024 00:04:03;poll_msg;38.3804116;-2.6935088;18/11/2024 00:18:57;fence;sleep;normal;18/11/2024 00:00:00
246064;18/11/2024 00:18:57;18/11/2024 00:19:01;poll_msg;38.3801767;-2.693455;18/11/2024 00:34:02;fence;normal;normal;18/11/2024 00:00:00
246064;18/11/2024 00:34:02;18/11/2024 00:34:02;poll_msg;38.3791692;-2.6930391;18/11/2024 00:49:12;fence;normal;normal;18/11/2024 00:00:00
246064;18/11/2024 00:49:12;18/11/2024 00:49:12;poll_msg;38.3791704;-2.6930285;18/11/2024 01:03:57;fence;normal;normal;18/11/2024 00:00:00
246064;18/11/2024 01:03:57;18/11/2024 01:04:01;poll_msg;38.3793884;-2.6929717;18/11/2024 01:18:57;fence;normal;normal;18/11/2024 00:00:00
246064;18/11/2024 01:18:57;18/11/2024 01:19:01;poll_msg;38.379498;-2.6927114;18/11/2024 01:34:02;fence;normal;normal;18/11/2024 00:00:00
246064;18/11/2024 01:34:02;18/11/2024 01:34:02;poll_msg;38.3797749;-2.6927321;18/11/2024 01:48:57;fence;normal;normal;18/11/2024 00:00:00
246064;18/11/2024 01:48:57;18/11/2024 01:49:01;poll_msg;38.379814;-2.6928134;18/11/2024 02:01:32;fence;normal;normal;18/11/2024 00:00:00
246064;18/11/2024 02:01:32;18/11/2024 02:04:01;poll_msg;38.3801452;-2.6932883;18/11/2024 02:14:17;fence;sleep;normal;18/11/2024 00:00:00
246064;18/11/2024 02:14:17;18/11/2024 02:19:01;poll_msg;38.3801542;-2.6933506;18/11/2024 02:14:17;fence;sleep;normal;18/11/2024 00:00:00
246064;18/11/2024 02:14:17;18/11/2024 02:34:01;poll_msg;38.3801542;-2.6933506;18/11/2024 02:14:17;fence;sleep;normal;18/11/2024 00:00:00
246064;18/11/2024 02:14:17;18/11/2024 02:49:01;poll_msg;38.3801542;-2.6933506;18/11/2024 02:14:17;fence;sleep;normal;18/11/2024 00:00:00
246064;18/11/2024 02:14:17;18/11/2024 03:04:02;poll_msg;38.3801542;-2.6933506;18/11/2024 02:14:17;fence;sleep;normal;18/11/2024 00:00:00
246064;18/11/2024 02:14:17;18/11/2024 03:19:01;poll_msg;38.3801542;-2.6933506;18/11/2024 02:14:17;fence;sleep;normal;18/11/2024 00:00:00
246064;18/11/2024 02:14:17;18/11/2024 03:34:03;poll_msg;38.3801542;-2.6933506;18/11/2024 02:14:17;fence;sleep;normal;18/11/2024 00:00:00
246064;18/11/2024 02:14:17;18/11/2024 03:49:02;poll_msg;38.3801542;-2.6933506;18/11/2024 04:02:12;fence;sleep;normal;18/11/2024 00:00:00
246064;18/11/2024 04:02:12;18/11/2024 04:04:02;poll_msg;38.3802074;-2.6933022;18/11/2024 04:02:12;fence;sleep;normal;18/11/2024 00:00:00
246064;18/11/2024 04:02:12;18/11/2024 04:19:02;poll_msg;38.3802074;-2.6933022;18/11/2024 04:31:57;fence;sleep;normal;18/11/2024 00:00:00
246064;18/11/2024 04:31:57;18/11/2024 04:34:03;poll_msg;38.3801039;-2.693187;18/11/2024 04:31:57;fence;sleep;normal;18/11/2024 00:00:00
246064;18/11/2024 04:31:57;18/11/2024 04:49:03;poll_msg;38.3801039;-2.693187;18/11/2024 05:04:02;fence;sleep;normal;18/11/2024 00:00:00
246064;18/11/2024 05:04:02;18/11/2024 05:04:04;poll_msg;38.3801552;-2.693264;18/11/2024 05:04:02;fence;normal;normal;18/11/2024 00:00:00
246064;18/11/2024 05:04:02;18/11/2024 05:04:06;poll_msg;38.3801552;-2.693264;18/11/2024 05:05:58;fence;normal;normal;18/11/2024 00:00:00
246064;18/11/2024 05:05:58;18/11/2024 05:19:01;poll_msg;38.3801353;-2.6933007;18/11/2024 05:05:58;fence;sleep;normal;18/11/2024 00:00:00
246064;18/11/2024 05:05:58;18/11/2024 05:34:01;poll_msg;38.3801353;-2.6933007;18/11/2024 05:05:58;fence;sleep;normal;18/11/2024 00:00:00
246064;18/11/2024 05:05:58;18/11/2024 05:49:01;poll_msg;38.3801353;-2.6933007;18/11/2024 05:05:58;fence;sleep;normal;18/11/2024 00:00:00
246064;18/11/2024 05:05:58;18/11/2024 05:49:20;poll_msg;38.3801353;-2.6933007;18/11/2024 06:03:52;fence;sleep;normal;18/11/2024 00:00:00
246064;18/11/2024 06:03:52;18/11/2024 06:03:55;poll_msg;38.380165;-2.6932927;18/11/2024 06:04:47;fence;normal;normal;18/11/2024 00:00:00
246064;18/11/2024 06:04:47;18/11/2024 06:18:55;poll_msg;38.3801407;-2.693474;18/11/2024 06:33:52;fence;sleep;normal;18/11/2024 00:00:00
246064;18/11/2024 06:33:52;18/11/2024 06:33:55;poll_msg;38.3800293;-2.6933777;18/11/2024 06:41:37;fence;normal;normal;18/11/2024 00:00:00
246064;18/11/2024 06:41:37;18/11/2024 06:48:55;poll_msg;38.380049;-2.6934771;18/11/2024 07:03:52;fence;sleep;normal;18/11/2024 00:00:00
246064;18/11/2024 07:03:52;18/11/2024 07:03:55;poll_msg;38.3816083;-2.692889;18/11/2024 07:18:52;fence;normal;normal;18/11/2024 00:00:00
246064;18/11/2024 07:18:52;18/11/2024 07:18:55;poll_msg;38.3804036;-2.6923986;18/11/2024 07:33:52;fence;normal;normal;18/11/2024 00:00:00
246064;18/11/2024 07:33:52;18/11/2024 07:33:56;poll_msg;38.3789293;-2.6921773;18/11/2024 07:48:52;fence;normal;normal;18/11/2024 00:00:00
246064;18/11/2024 07:48:52;18/11/2024 07:48:56;poll_msg;38.379224;-2.6921727;18/11/2024 08:03:52;fence;normal;normal;18/11/2024 00:00:00
246064;18/11/2024 08:03:52;18/11/2024 08:03:55;poll_msg;38.3801262;-2.6923844;18/11/2024 08:13:32;fence;normal;normal;18/11/2024 00:00:00
246064;18/11/2024 08:13:32;18/11/2024 08:18:55;poll_msg;38.3817011;-2.6930987;18/11/2024 08:32:27;fence;sleep;normal;18/11/2024 00:00:00
246064;18/11/2024 08:32:27;18/11/2024 08:33:55;poll_msg;38.3816913;-2.6931046;18/11/2024 08:48:57;fence;sleep;normal;18/11/2024 00:00:00
246064;18/11/2024 08:48:57;18/11/2024 08:48:58;poll_msg;38.3808753;-2.6937674;18/11/2024 09:03:57;fence;normal;normal;18/11/2024 00:00:00
246064;18/11/2024 09:03:57;18/11/2024 09:03:58;poll_msg;38.3812662;-2.6933477;18/11/2024 09:18:52;fence;normal;normal;18/11/2024 00:00:00
246064;18/11/2024 09:18:52;18/11/2024 09:18:54;poll_msg;38.3804702;-2.6916719;18/11/2024 09:19:22;fence;normal;normal;18/11/2024 00:00:00
246064;18/11/2024 09:19:22;18/11/2024 09:19:22;poll_msg;38.380387;-2.6915965;18/11/2024 09:33:57;fence;normal;normal;18/11/2024 00:00:00
246064;18/11/2024 09:33:57;18/11/2024 09:34:01;poll_msg;38.379629;-2.6914902;18/11/2024 09:49:02;fence;normal;normal;18/11/2024 00:00:00
246064;18/11/2024 09:49:02;18/11/2024 09:49:02;poll_msg;38.3802292;-2.69196;18/11/2024 09:49:12;fence;normal;normal;18/11/2024 00:00:00
246064;18/11/2024 09:49:12;18/11/2024 09:49:16;poll_msg;38.3802171;-2.691993;18/11/2024 10:03:53;fence;normal;normal;18/11/2024 00:00:00
246064;18/11/2024 10:03:53;18/11/2024 10:03:54;poll_msg;38.3815565;-2.6933172;18/11/2024 10:15:17;fence;normal;normal;18/11/2024 00:00:00
246064;18/11/2024 10:15:17;18/11/2024 10:18:55;poll_msg;38.3813694;-2.6932614;18/11/2024 10:15:17;fence;sleep;normal;18/11/2024 00:00:00
246064;18/11/2024 10:15:17;18/11/2024 10:33:54;poll_msg;38.3813694;-2.6932614;18/11/2024 10:48:52;fence;sleep;normal;18/11/2024 00:00:00
246064;18/11/2024 10:48:52;18/11/2024 10:48:55;poll_msg;38.3813916;-2.6934097;18/11/2024 10:49:22;fence;normal;normal;18/11/2024 00:00:00
246064;18/11/2024 10:49:22;18/11/2024 10:49:23;poll_msg;38.3813957;-2.6934075;18/11/2024 11:04:02;fence;normal;normal;18/11/2024 00:00:00
246064;18/11/2024 11:04:02;18/11/2024 11:04:02;poll_msg;38.3817459;-2.6933302;18/11/2024 11:19:02;fence;normal;normal;18/11/2024 00:00:00
246064;18/11/2024 11:19:02;18/11/2024 11:19:02;poll_msg;38.3817763;-2.6930766;18/11/2024 11:34:02;fence;normal;normal;18/11/2024 00:00:00
246064;18/11/2024 11:34:02;18/11/2024 11:34:05;poll_msg;38.3804552;-2.6938033;18/11/2024 11:49:02;fence;normal;normal;18/11/2024 00:00:00
246064;18/11/2024 11:49:02;18/11/2024 11:49:02;poll_msg;38.3780904;-2.691787;18/11/2024 12:04:02;fence;normal;normal;18/11/2024 00:00:00
246064;18/11/2024 12:04:02;18/11/2024 12:04:02;poll_msg;38.3783497;-2.691833;18/11/2024 12:19:02;fence;normal;normal;18/11/2024 00:00:00
246064;18/11/2024 12:19:02;18/11/2024 12:19:05;poll_msg;38.3790037;-2.6918263;18/11/2024 12:19:17;fence;normal;normal;18/11/2024 00:00:00
246064;18/11/2024 12:19:17;18/11/2024 12:19:20;poll_msg;38.3790442;-2.6918334;18/11/2024 12:33:52;fence;normal;normal;18/11/2024 00:00:00
246064;18/11/2024 12:33:52;18/11/2024 12:33:55;poll_msg;38.3796474;-2.6918603;18/11/2024 12:48:52;fence;normal;normal;18/11/2024 00:00:00
246064;18/11/2024 12:48:52;18/11/2024 12:48:55;poll_msg;38.381401;-2.6930538;18/11/2024 13:03:52;fence;normal;normal;18/11/2024 00:00:00
246064;18/11/2024 13:03:52;18/11/2024 13:03:54;poll_msg;38.3816975;-2.693179;18/11/2024 13:17:07;fence;normal;normal;18/11/2024 00:00:00
246064;18/11/2024 13:17:07;18/11/2024 13:18:57;poll_msg;38.3814442;-2.6934312;18/11/2024 13:33:52;fence;sleep;normal;18/11/2024 00:00:00
246064;18/11/2024 13:33:52;18/11/2024 13:33:55;poll_msg;38.3799677;-2.6932234;18/11/2024 13:48:57;fence;normal;normal;18/11/2024 00:00:00
246064;18/11/2024 13:48:57;18/11/2024 13:48:59;poll_msg;38.3788527;-2.6921119;18/11/2024 14:03:52;fence;normal;normal;18/11/2024 00:00:00
246064;18/11/2024 14:03:52;18/11/2024 14:03:54;poll_msg;38.3790503;-2.6919507;18/11/2024 14:18:52;fence;normal;normal;18/11/2024 00:00:00
246064;18/11/2024 14:18:52;18/11/2024 14:18:55;poll_msg;38.3817101;-2.6932254;18/11/2024 14:48:57;fence;normal;normal;18/11/2024 00:00:00
246064;18/11/2024 14:48:57;18/11/2024 14:49:01;poll_msg;38.3809063;-2.6933644;18/11/2024 15:04:02;fence;normal;normal;18/11/2024 00:00:00
246064;18/11/2024 15:04:02;18/11/2024 15:04:03;poll_msg;38.3812831;-2.6934103;18/11/2024 15:19:02;fence;normal;normal;18/11/2024 00:00:00
246064;18/11/2024 15:19:02;18/11/2024 15:19:03;poll_msg;38.381005;-2.6927369;18/11/2024 15:34:12;fence;normal;normal;18/11/2024 00:00:00
246064;18/11/2024 15:34:12;18/11/2024 15:34:15;poll_msg;38.3811242;-2.6927496;18/11/2024 15:49:02;fence;normal;normal;18/11/2024 00:00:00
246064;18/11/2024 15:49:02;18/11/2024 15:49:03;poll_msg;38.3794634;-2.6924454;18/11/2024 16:03:57;fence;normal;normal;18/11/2024 00:00:00
246064;18/11/2024 16:03:57;18/11/2024 16:04:01;poll_msg;38.3791765;-2.6925222;;fence;normal;normal;18/11/2024 00:00:00
